payment_id,booking_id,amount,payment_status,payment_date
1,1,32.84,refunded,2025-12-04
2,2,41.14,successful,2025-12-17
3,3,98.03,successful,2025-12-08
4,4,88.92,successful,2026-01-16
5,5,0.0,failed,2025-11-10
6,6,61.95,successful,2025-11-04
7,7,0.0,failed,2025-12-13
8,8,98.55,successful,2026-01-08
9,9,0.0,failed,2025-12-26
10,10,66.94,successful,2025-11-14
11,11,82.87,successful,2025-11-15
12,12,119.61,successful,2025-12-28
13,13,46.16,successful,2025-11-18
14,14,46.11,successful,2025-12-17
15,15,0.0,failed,2025-11-21
16,16,48.09,successful,2025-11-19
17,17,97.87,successful,2025-12-07
18,18,130.75,successful,2026-01-24
19,19,0.0,failed,2025-11-14
20,20,37.73,successful,2026-02-01
21,21,45.54,successful,2025-11-26
22,22,0.0,failed,2025-12-04
23,23,89.44,successful,2025-12-06
24,24,0.0,failed,2025-11-11
25,25,0.0,failed,2025-12-14
26,26,0.0,failed,2026-01-14
27,27,0.0,failed,2025-12-29
28,28,0.0,failed,2026-01-08
29,29,0.0,failed,2025-11-25
30,30,0.0,failed,2026-01-01
31,31,38.13,successful,2026-01-21
32,32,43.8,refunded,2026-01-09
33,33,77.37,successful,2025-12-25
34,34,62.87,successful,2025-11-01
35,35,52.4,successful,2026-01-04
36,36,0.0,failed,2026-01-15
37,37,0.0,failed,2025-12-30
38,38,0.0,failed,2025-12-04
39,39,0.0,failed,2026-01-02
40,40,110.34,refunded,2025-11-10
41,41,72.82,successful,2026-02-01
42,42,0.0,failed,2025-11-18
43,43,0.0,failed,2025-11-22
44,44,24.86,refunded,2025-11-09
45,45,0.0,failed,2026-01-26
46,46,0.0,failed,2025-11-18
47,47,0.0,failed,2026-01-17
48,48,75.34,successful,2025-12-25
49,49,0.0,failed,2025-11-23
50,50,75.39,successful,2025-11-29
51,51,0.0,failed,2025-12-04
52,52,44.45,successful,2025-12-28
53,53,0.0,failed,2025-11-21
54,54,0.0,failed,2026-01-15
55,55,0.0,failed,2025-12-05
56,56,0.0,failed,2025-11-27
57,57,73.64,successful,2026-01-03
58,58,0.0,failed,2026-01-08
59,59,64.7,successful,2026-01-22
60,60,54.58,successful,2025-11-30
61,61,0.0,failed,2025-12-16
62,62,66.93,successful,2025-12-16
63,63,67.65,successful,2025-12-01
64,64,41.36,successful,2026-01-30
65,65,40.14,successful,2026-02-03
66,66,0.0,failed,2026-01-27
67,67,0.0,failed,2025-10-31
68,68,0.0,failed,2025-11-10
69,69,38.91,successful,2026-01-02
70,70,68.85,successful,2025-12-12
71,71,0.0,failed,2026-01-22
72,72,60.57,successful,2025-11-28
73,73,0.0,failed,2025-11-11
74,74,71.51,successful,2025-11-04
75,75,0.0,failed,2025-12-02
76,76,0.0,failed,2026-01-19
77,77,67.79,successful,2025-11-19
78,78,89.97,successful,2025-12-29
79,79,70.03,successful,2025-11-23
80,80,60.55,successful,2025-11-18
81,81,52.33,successful,2026-01-13
82,82,0.0,failed,2025-12-21
83,83,58.47,successful,2025-12-28
84,84,95.01,successful,2026-01-15
85,85,83.61,successful,2025-12-16
86,86,60.79,successful,2025-12-30
87,87,52.58,successful,2025-11-05
88,88,0.0,failed,2025-11-07
89,89,72.61,successful,2025-11-12
90,90,0.0,failed,2026-01-25
91,91,73.55,successful,2026-01-15
92,92,0.0,failed,2026-01-27
93,93,0.0,failed,2025-11-17
94,94,71.94,successful,2025-12-23
95,95,71.79,successful,2025-11-12
96,96,95.57,successful,2026-01-26
97,97,76.04,successful,2025-12-02
98,98,109.35,successful,2025-12-25
99,99,0.0,failed,2025-12-30
100,100,60.18,successful,2025-11-12
101,101,33.65,successful,2025-12-13
102,102,68.94,successful,2025-11-11
103,103,65.24,successful,2025-11-02
104,104,97.13,successful,2025-12-02
105,105,0.0,failed,2025-12-11
106,106,88.06,successful,2026-01-24
107,107,82.25,successful,2026-01-18
108,108,87.37,successful,2026-01-30
109,109,0.0,failed,2025-11-07
110,110,50.62,refunded,2026-01-27
111,111,35.3,refunded,2025-11-30
112,112,54.51,successful,2025-11-21
113,113,74.84,successful,2026-01-11
114,114,0.0,failed,2025-11-29
115,115,59.76,successful,2026-01-12
116,116,0.0,failed,2025-11-08
117,117,116.82,successful,2025-12-05
118,118,0.0,failed,2026-01-23
119,119,120.12,successful,2025-12-25
120,120,59.31,successful,2026-01-26
121,121,0.0,failed,2026-01-30
122,122,39.19,successful,2025-12-07
123,123,76.48,successful,2025-12-30
124,124,0.0,failed,2026-01-17
125,125,59.9,successful,2025-11-15
126,126,0.0,failed,2026-02-02
127,127,45.53,successful,2025-11-29
128,128,98.71,successful,2026-01-25
129,129,48.33,successful,2025-11-16
130,130,0.0,failed,2026-01-11
131,131,78.82,successful,2026-01-16
132,132,74.27,successful,2025-11-21
133,133,63.74,successful,2026-01-20
134,134,72.0,successful,2025-12-11
135,135,41.83,successful,2025-11-09
136,136,119.51,successful,2025-11-13
137,137,72.57,successful,2026-01-15
138,138,90.21,successful,2026-01-29
139,139,62.43,successful,2025-12-08
140,140,63.15,successful,2026-01-13
141,141,44.56,successful,2025-12-05
142,142,82.92,successful,2026-01-19
143,143,0.0,failed,2026-01-12
144,144,0.0,failed,2026-01-31
145,145,54.13,successful,2026-01-15
146,146,87.86,successful,2026-01-13
147,147,0.0,failed,2025-11-28
148,148,78.98,successful,2025-11-26
149,149,0.0,failed,2025-11-11
150,150,75.04,successful,2026-01-11
151,151,0.0,failed,2026-01-04
152,152,0.0,failed,2025-11-19
153,153,70.83,successful,2025-12-08
154,154,0.0,failed,2026-01-27
155,155,53.38,successful,2025-11-04
156,156,0.0,failed,2026-01-25
157,157,32.57,successful,2025-12-13
158,158,0.0,failed,2025-11-24
159,159,62.34,successful,2025-11-15
160,160,0.0,failed,2026-01-24
161,161,39.17,successful,2026-01-29
162,162,36.3,successful,2025-12-19
163,163,52.09,successful,2025-11-30
164,164,0.0,failed,2025-11-26
165,165,79.87,successful,2026-01-26
166,166,0.0,failed,2026-01-19
167,167,75.32,successful,2026-01-26
168,168,38.02,refunded,2025-11-20
169,169,67.19,successful,2025-11-28
170,170,0.0,failed,2025-11-10
171,171,75.72,successful,2026-01-06
172,172,0.0,failed,2025-11-20
173,173,33.23,refunded,2025-12-06
174,174,0.0,failed,2025-12-05
175,175,0.0,failed,2025-12-04
176,176,40.68,successful,2026-01-26
177,177,50.48,successful,2025-11-10
178,178,109.67,successful,2026-01-13
179,179,69.28,successful,2025-11-28
180,180,56.6,successful,2025-12-05
181,181,137.24,successful,2025-12-27
182,182,0.0,failed,2025-12-25
183,183,54.97,successful,2025-12-14
184,184,0.0,failed,2025-12-31
185,185,51.65,successful,2026-01-25
186,186,0.0,failed,2025-12-26
187,187,62.37,successful,2025-12-06
188,188,62.17,successful,2025-11-08
189,189,77.43,successful,2025-11-10
190,190,61.45,successful,2026-01-26
191,191,0.0,failed,2025-11-28
192,192,55.98,successful,2025-11-18
193,193,31.54,successful,2026-01-05
194,194,0.0,failed,2025-12-01
195,195,0.0,failed,2025-11-12
196,196,130.19,successful,2025-11-09
197,197,90.26,successful,2026-01-03
198,198,23.42,refunded,2025-12-14
199,199,52.87,successful,2025-12-05
200,200,91.35,successful,2026-01-11
201,201,0.0,failed,2026-01-24
202,202,0.0,failed,2025-12-03
203,203,82.31,successful,2025-12-18
204,204,55.6,successful,2026-01-04
205,205,38.65,successful,2025-12-19
206,206,0.0,failed,2025-11-21
207,207,65.37,successful,2025-12-10
208,208,0.0,failed,2026-01-25
209,209,95.02,successful,2025-12-26
210,210,43.63,successful,2025-11-14
211,211,39.37,successful,2025-11-28
212,212,65.17,successful,2025-11-12
213,213,0.0,failed,2026-01-13
214,214,72.52,refunded,2025-12-18
215,215,66.06,successful,2025-10-29
216,216,0.0,failed,2025-12-25
217,217,37.72,successful,2026-01-29
218,218,50.04,successful,2026-01-15
219,219,37.28,successful,2025-12-24
220,220,28.14,refunded,2026-01-15
221,221,56.88,successful,2026-01-16
222,222,0.0,failed,2026-01-20
223,223,47.55,successful,2026-01-07
224,224,0.0,failed,2026-01-13
225,225,35.87,successful,2025-11-19
226,226,82.09,successful,2025-12-11
227,227,58.1,successful,2025-12-09
228,228,0.0,failed,2025-11-13
229,229,0.0,failed,2026-01-10
230,230,134.73,successful,2026-01-31
231,231,55.97,refunded,2025-12-03
232,232,0.0,failed,2026-01-04
233,233,51.22,successful,2025-12-03
234,234,0.0,failed,2026-01-08
235,235,54.35,successful,2026-01-19
236,236,73.28,successful,2025-11-10
237,237,56.2,successful,2026-01-06
238,238,47.3,successful,2026-01-23
239,239,71.53,successful,2025-12-03
240,240,53.08,refunded,2025-12-15
241,241,109.45,successful,2025-12-06
242,242,39.66,successful,2026-01-06
243,243,0.0,failed,2025-12-11
244,244,69.32,successful,2025-12-05
245,245,98.22,successful,2025-12-18
246,246,0.0,failed,2026-01-11
247,247,21.56,refunded,2025-12-06
248,248,35.27,successful,2026-01-01
249,249,0.0,failed,2025-11-19
250,250,46.83,successful,2025-11-20
251,251,0.0,failed,2025-12-10
252,252,58.5,successful,2025-12-29
253,253,54.98,successful,2025-12-04
254,254,78.85,successful,2026-01-07
255,255,41.26,successful,2026-01-12
256,256,71.76,successful,2026-02-01
257,257,118.76,successful,2025-11-13
258,258,0.0,failed,2025-12-28
259,259,54.06,successful,2025-12-27
260,260,0.0,failed,2025-12-04
261,261,108.94,successful,2025-12-06
262,262,66.67,successful,2025-12-27
263,263,63.16,successful,2026-01-22
264,264,79.07,successful,2025-11-05
265,265,38.97,successful,2025-12-09
266,266,67.02,successful,2025-11-25
267,267,47.19,successful,2025-11-29
268,268,0.0,failed,2025-12-11
269,269,0.0,failed,2026-01-25
270,270,40.65,successful,2025-12-25
271,271,100.82,successful,2026-01-02
272,272,0.0,failed,2026-01-07
273,273,0.0,failed,2025-12-07
274,274,0.0,failed,2025-12-12
275,275,85.74,successful,2025-12-17
276,276,64.83,successful,2025-12-15
277,277,0.0,failed,2026-01-13
278,278,109.41,successful,2025-11-22
279,279,0.0,failed,2025-12-25
280,280,0.0,failed,2025-12-13
281,281,71.49,successful,2026-01-24
282,282,70.54,successful,2026-01-23
283,283,73.82,successful,2026-01-22
284,284,57.12,successful,2026-01-17
285,285,70.52,successful,2025-11-21
286,286,60.11,successful,2026-01-04
287,287,137.33,successful,2025-11-10
288,288,97.74,successful,2025-12-04
289,289,120.88,successful,2025-12-16
290,290,0.0,failed,2026-01-12
291,291,91.68,successful,2026-01-02
292,292,48.9,successful,2025-12-29
293,293,69.2,successful,2025-11-29
294,294,0.0,failed,2025-11-13
295,295,64.79,successful,2026-01-27
296,296,26.17,refunded,2026-01-08
297,297,74.67,successful,2025-11-19
298,298,88.33,successful,2026-01-10
299,299,57.87,successful,2025-11-29
300,300,0.0,failed,2025-11-26
301,301,84.47,successful,2026-01-21
302,302,0.0,failed,2025-11-18
303,303,0.0,failed,2025-11-17
304,304,47.83,successful,2025-11-11
305,305,43.1,successful,2025-11-07
306,306,93.65,successful,2025-11-18
307,307,0.0,failed,2025-12-18
308,308,18.27,refunded,2025-12-26
309,309,0.0,failed,2026-01-20
310,310,50.35,refunded,2026-01-16
311,311,46.52,successful,2025-11-16
312,312,58.28,successful,2025-12-21
313,313,37.15,successful,2025-12-11
314,314,0.0,failed,2026-02-03
315,315,31.15,successful,2026-01-05
316,316,63.3,successful,2025-12-21
317,317,67.91,successful,2025-11-24
318,318,38.05,successful,2026-01-12
319,319,31.42,successful,2026-01-16
320,320,0.0,failed,2025-12-07
321,321,45.85,successful,2025-12-23
322,322,0.0,failed,2025-12-10
323,323,53.7,successful,2025-11-28
324,324,0.0,failed,2025-11-23
325,325,0.0,failed,2025-12-28
326,326,0.0,failed,2026-01-08
327,327,75.33,successful,2025-11-08
328,328,0.0,failed,2026-01-22
329,329,38.71,successful,2026-01-13
330,330,94.21,successful,2026-01-24
331,331,0.0,failed,2026-01-14
332,332,0.0,failed,2026-01-29
333,333,0.0,failed,2025-11-06
334,334,0.0,failed,2026-01-18
335,335,32.17,refunded,2025-12-08
336,336,149.82,successful,2025-11-22
337,337,93.69,successful,2025-11-20
338,338,43.7,refunded,2026-01-16
339,339,0.0,failed,2026-01-05
340,340,52.23,successful,2025-12-24
341,341,97.19,successful,2025-12-16
342,342,52.57,successful,2025-11-04
343,343,47.47,successful,2025-12-20
344,344,101.77,successful,2025-11-27
345,345,79.84,successful,2026-01-28
346,346,40.52,successful,2026-01-31
347,347,99.85,successful,2025-11-19
348,348,66.93,successful,2025-12-19
349,349,74.15,successful,2025-11-18
350,350,0.0,failed,2026-01-15
351,351,52.63,successful,2025-12-20
352,352,39.08,successful,2025-12-30
353,353,102.57,successful,2025-12-28
354,354,70.33,successful,2025-12-27
355,355,20.39,refunded,2026-01-06
356,356,55.01,successful,2025-11-29
357,357,0.0,failed,2026-01-12
358,358,0.0,failed,2026-01-29
359,359,43.74,successful,2025-12-16
360,360,103.35,successful,2026-01-01
361,361,0.0,failed,2026-01-24
362,362,81.34,successful,2026-01-14
363,363,21.82,refunded,2026-02-01
364,364,69.51,successful,2025-12-21
365,365,138.9,successful,2025-12-16
366,366,79.26,successful,2026-01-26
367,367,95.09,successful,2026-01-24
368,368,56.22,successful,2025-12-28
369,369,39.45,refunded,2025-12-10
370,370,37.43,successful,2026-01-26
371,371,58.64,successful,2025-11-12
372,372,0.0,failed,2026-01-19
373,373,0.0,failed,2026-01-22
374,374,60.67,successful,2025-12-16
375,375,80.44,successful,2025-12-13
376,376,37.27,successful,2025-11-28
377,377,0.0,failed,2026-01-06
378,378,110.6,successful,2025-11-30
379,379,44.09,successful,2026-01-24
380,380,35.15,successful,2026-01-05
381,381,87.77,successful,2025-12-02
382,382,118.01,successful,2026-01-14
383,383,68.97,successful,2026-01-13
384,384,37.21,successful,2025-12-16
385,385,101.93,successful,2025-12-15
386,386,0.0,failed,2025-12-31
387,387,63.5,successful,2025-12-03
388,388,61.49,successful,2025-12-05
389,389,79.1,successful,2025-12-18
390,390,0.0,failed,2025-11-13
391,391,76.77,successful,2026-01-15
392,392,63.83,successful,2025-12-03
393,393,105.73,successful,2025-11-22
394,394,35.85,successful,2025-11-26
395,395,53.47,successful,2025-12-11
396,396,66.76,successful,2025-12-05
397,397,0.0,failed,2026-01-25
398,398,0.0,failed,2025-12-28
399,399,98.42,successful,2025-11-06
400,400,0.0,failed,2025-11-14
