-- DemandSense Sample Data - SQL INSERT Statements
-- Generated on: 2026-01-23 16:41:27

-- Insert Customers
INSERT INTO customers (customer_id, name, city, signup_date) VALUES (1, 'Patrick Sanchez', 'Boston', '2026-01-22');
INSERT INTO customers (customer_id, name, city, signup_date) VALUES (2, 'Megan Mcclain', 'Boston', '2026-01-22');
INSERT INTO customers (customer_id, name, city, signup_date) VALUES (3, 'Amanda Davis', 'Seattle', '2026-01-22');
INSERT INTO customers (customer_id, name, city, signup_date) VALUES (4, 'Alyssa Gonzalez', 'Austin', '2026-01-22');
INSERT INTO customers (customer_id, name, city, signup_date) VALUES (5, 'Jennifer Cole', 'Austin', '2026-01-22');
INSERT INTO customers (customer_id, name, city, signup_date) VALUES (6, 'Abigail Shaffer', 'Austin', '2026-01-22');
INSERT INTO customers (customer_id, name, city, signup_date) VALUES (7, 'Christopher Bernard', 'Boston', '2026-01-22');
INSERT INTO customers (customer_id, name, city, signup_date) VALUES (8, 'James Howard', 'Denver', '2026-01-22');
INSERT INTO customers (customer_id, name, city, signup_date) VALUES (9, 'Renee Blair', 'Boston', '2026-01-22');
INSERT INTO customers (customer_id, name, city, signup_date) VALUES (10, 'Thomas Miller', 'Denver', '2026-01-22');
INSERT INTO customers (customer_id, name, city, signup_date) VALUES (11, 'Lisa Hensley', 'Portland', '2026-01-22');
INSERT INTO customers (customer_id, name, city, signup_date) VALUES (12, 'Benjamin Stanley', 'Boston', '2026-01-22');
INSERT INTO customers (customer_id, name, city, signup_date) VALUES (13, 'Dr. Sharon James', 'Boston', '2026-01-22');
INSERT INTO customers (customer_id, name, city, signup_date) VALUES (14, 'Holly Wood', 'Boston', '2026-01-22');
INSERT INTO customers (customer_id, name, city, signup_date) VALUES (15, 'Mia Sutton', 'Austin', '2026-01-22');
INSERT INTO customers (customer_id, name, city, signup_date) VALUES (16, 'Carolyn Daniel', 'Austin', '2026-01-22');
INSERT INTO customers (customer_id, name, city, signup_date) VALUES (17, 'Devin Schaefer', 'Denver', '2026-01-22');
INSERT INTO customers (customer_id, name, city, signup_date) VALUES (18, 'Frederick Tate', 'Denver', '2026-01-22');
INSERT INTO customers (customer_id, name, city, signup_date) VALUES (19, 'Andrew Stewart', 'Boston', '2026-01-22');
INSERT INTO customers (customer_id, name, city, signup_date) VALUES (20, 'Thomas Bradley', 'Denver', '2026-01-22');
INSERT INTO customers (customer_id, name, city, signup_date) VALUES (21, 'Jonathan Wilkerson', 'Austin', '2026-01-22');
INSERT INTO customers (customer_id, name, city, signup_date) VALUES (22, 'Derek Wright', 'Denver', '2026-01-22');
INSERT INTO customers (customer_id, name, city, signup_date) VALUES (23, 'Nicole Patterson', 'Portland', '2026-01-22');
INSERT INTO customers (customer_id, name, city, signup_date) VALUES (24, 'Daniel Bright', 'Austin', '2026-01-22');
INSERT INTO customers (customer_id, name, city, signup_date) VALUES (25, 'Peter Callahan Jr.', 'Portland', '2026-01-22');
INSERT INTO customers (customer_id, name, city, signup_date) VALUES (26, 'Jennifer Brown', 'Denver', '2026-01-22');
INSERT INTO customers (customer_id, name, city, signup_date) VALUES (27, 'Julie King', 'Seattle', '2026-01-22');
INSERT INTO customers (customer_id, name, city, signup_date) VALUES (28, 'Alexandra Le', 'Boston', '2026-01-22');
INSERT INTO customers (customer_id, name, city, signup_date) VALUES (29, 'Patricia Peterson', 'Austin', '2026-01-22');
INSERT INTO customers (customer_id, name, city, signup_date) VALUES (30, 'Jesse Mckay', 'Portland', '2026-01-22');
INSERT INTO customers (customer_id, name, city, signup_date) VALUES (31, 'Pamela Romero', 'Seattle', '2026-01-22');
INSERT INTO customers (customer_id, name, city, signup_date) VALUES (32, 'Elizabeth Fowler', 'Seattle', '2026-01-22');
INSERT INTO customers (customer_id, name, city, signup_date) VALUES (33, 'James Martin', 'Austin', '2026-01-22');
INSERT INTO customers (customer_id, name, city, signup_date) VALUES (34, 'Linda Burns', 'Austin', '2026-01-22');
INSERT INTO customers (customer_id, name, city, signup_date) VALUES (35, 'Sherry Decker', 'Seattle', '2026-01-22');
INSERT INTO customers (customer_id, name, city, signup_date) VALUES (36, 'David Bradley', 'Boston', '2026-01-22');
INSERT INTO customers (customer_id, name, city, signup_date) VALUES (37, 'John Jones', 'Boston', '2026-01-22');
INSERT INTO customers (customer_id, name, city, signup_date) VALUES (38, 'Betty Alvarez', 'Portland', '2026-01-22');
INSERT INTO customers (customer_id, name, city, signup_date) VALUES (39, 'Joseph Obrien', 'Boston', '2026-01-22');
INSERT INTO customers (customer_id, name, city, signup_date) VALUES (40, 'Nicole Vaughn', 'Seattle', '2026-01-22');
INSERT INTO customers (customer_id, name, city, signup_date) VALUES (41, 'Michael Brooks', 'Seattle', '2026-01-22');
INSERT INTO customers (customer_id, name, city, signup_date) VALUES (42, 'David Brown', 'Denver', '2026-01-22');
INSERT INTO customers (customer_id, name, city, signup_date) VALUES (43, 'Crystal Robinson', 'Seattle', '2026-01-22');
INSERT INTO customers (customer_id, name, city, signup_date) VALUES (44, 'Amy Jones', 'Boston', '2026-01-22');
INSERT INTO customers (customer_id, name, city, signup_date) VALUES (45, 'Andrea Young', 'Portland', '2026-01-22');
INSERT INTO customers (customer_id, name, city, signup_date) VALUES (46, 'Carlos Walls', 'Denver', '2026-01-22');
INSERT INTO customers (customer_id, name, city, signup_date) VALUES (47, 'Dana Kennedy', 'Boston', '2026-01-22');
INSERT INTO customers (customer_id, name, city, signup_date) VALUES (48, 'Brent Jordan', 'Portland', '2026-01-22');
INSERT INTO customers (customer_id, name, city, signup_date) VALUES (49, 'Scott Brown', 'Boston', '2026-01-22');
INSERT INTO customers (customer_id, name, city, signup_date) VALUES (50, 'Mrs. Jennifer Morgan', 'Denver', '2026-01-22');

-- Insert Providers
INSERT INTO providers (provider_id, name, service_category, city, rating) VALUES (1, 'Danielle Lee', 'Tutoring', 'Denver', 4.8);
INSERT INTO providers (provider_id, name, service_category, city, rating) VALUES (2, 'Javier Ramirez', 'Tutoring', 'Denver', 3.8);
INSERT INTO providers (provider_id, name, service_category, city, rating) VALUES (3, 'Thomas Ramos', 'Cleaning', 'Boston', 4.5);
INSERT INTO providers (provider_id, name, service_category, city, rating) VALUES (4, 'Krista Williams', 'Tutoring', 'Boston', 4.8);
INSERT INTO providers (provider_id, name, service_category, city, rating) VALUES (5, 'Dr. Tracy House DVM', 'Cleaning', 'Portland', 3.9);
INSERT INTO providers (provider_id, name, service_category, city, rating) VALUES (6, 'John Lewis', 'Pet Grooming', 'Seattle', 3.7);
INSERT INTO providers (provider_id, name, service_category, city, rating) VALUES (7, 'Anthony Gray', 'Tutoring', 'Austin', 4.5);
INSERT INTO providers (provider_id, name, service_category, city, rating) VALUES (8, 'Mrs. Rachel Gibson', 'Pet Grooming', 'Boston', 4.4);
INSERT INTO providers (provider_id, name, service_category, city, rating) VALUES (9, 'Tyler Cowan', 'Hairdressing', 'Denver', 4.6);
INSERT INTO providers (provider_id, name, service_category, city, rating) VALUES (10, 'Michelle Moore', 'Hairdressing', 'Portland', 4.1);
INSERT INTO providers (provider_id, name, service_category, city, rating) VALUES (11, 'Wayne Riley', 'Pet Grooming', 'Denver', 3.8);
INSERT INTO providers (provider_id, name, service_category, city, rating) VALUES (12, 'Nicole Brown', 'Tutoring', 'Boston', 3.8);
INSERT INTO providers (provider_id, name, service_category, city, rating) VALUES (13, 'Kathryn Farrell', 'Cleaning', 'Seattle', 4.1);
INSERT INTO providers (provider_id, name, service_category, city, rating) VALUES (14, 'Tyler Miller', 'Cleaning', 'Austin', 4.9);
INSERT INTO providers (provider_id, name, service_category, city, rating) VALUES (15, 'Kurt Leonard', 'Personal Training', 'Seattle', 3.8);
INSERT INTO providers (provider_id, name, service_category, city, rating) VALUES (16, 'Bryan Zamora', 'Handyman', 'Portland', 4.8);
INSERT INTO providers (provider_id, name, service_category, city, rating) VALUES (17, 'Kristopher Harvey', 'Pet Grooming', 'Portland', 3.7);
INSERT INTO providers (provider_id, name, service_category, city, rating) VALUES (18, 'Kevin Mills', 'Hairdressing', 'Austin', 4.6);
INSERT INTO providers (provider_id, name, service_category, city, rating) VALUES (19, 'Christina Moran', 'Personal Training', 'Seattle', 4.6);
INSERT INTO providers (provider_id, name, service_category, city, rating) VALUES (20, 'James Powers', 'Handyman', 'Denver', 4.1);

-- Insert Bookings
INSERT INTO bookings (booking_id, customer_id, provider_id, booking_date, service_date, price, status) VALUES (1, 47, 4, '2025-11-23', '2025-12-02', 65.68, 'cancelled');
INSERT INTO bookings (booking_id, customer_id, provider_id, booking_date, service_date, price, status) VALUES (2, 50, 11, '2025-12-08', '2025-12-15', 41.14, 'completed');
INSERT INTO bookings (booking_id, customer_id, provider_id, booking_date, service_date, price, status) VALUES (3, 15, 9, '2025-11-24', '2025-12-07', 98.03, 'completed');
INSERT INTO bookings (booking_id, customer_id, provider_id, booking_date, service_date, price, status) VALUES (4, 7, 10, '2026-01-05', '2026-01-14', 88.92, 'completed');
INSERT INTO bookings (booking_id, customer_id, provider_id, booking_date, service_date, price, status) VALUES (5, 10, 12, '2025-11-01', '2025-11-10', 69.31, 'no_show');
INSERT INTO bookings (booking_id, customer_id, provider_id, booking_date, service_date, price, status) VALUES (6, 34, 1, '2025-10-25', '2025-11-02', 61.95, 'completed');
INSERT INTO bookings (booking_id, customer_id, provider_id, booking_date, service_date, price, status) VALUES (7, 24, 10, '2025-12-08', '2025-12-12', 46.76, 'cancelled');
INSERT INTO bookings (booking_id, customer_id, provider_id, booking_date, service_date, price, status) VALUES (8, 6, 3, '2025-12-24', '2026-01-07', 98.55, 'completed');
INSERT INTO bookings (booking_id, customer_id, provider_id, booking_date, service_date, price, status) VALUES (9, 17, 5, '2025-12-18', '2025-12-26', 50.27, 'no_show');
INSERT INTO bookings (booking_id, customer_id, provider_id, booking_date, service_date, price, status) VALUES (10, 11, 9, '2025-11-03', '2025-11-13', 66.94, 'completed');
INSERT INTO bookings (booking_id, customer_id, provider_id, booking_date, service_date, price, status) VALUES (11, 14, 18, '2025-11-01', '2025-11-13', 82.87, 'completed');
INSERT INTO bookings (booking_id, customer_id, provider_id, booking_date, service_date, price, status) VALUES (12, 11, 13, '2025-12-16', '2025-12-27', 119.61, 'completed');
INSERT INTO bookings (booking_id, customer_id, provider_id, booking_date, service_date, price, status) VALUES (13, 29, 4, '2025-11-14', '2025-11-16', 46.16, 'completed');
INSERT INTO bookings (booking_id, customer_id, provider_id, booking_date, service_date, price, status) VALUES (14, 38, 18, '2025-12-13', '2025-12-17', 46.11, 'completed');
INSERT INTO bookings (booking_id, customer_id, provider_id, booking_date, service_date, price, status) VALUES (15, 9, 8, '2025-11-19', '2025-11-20', 38.71, 'cancelled');
INSERT INTO bookings (booking_id, customer_id, provider_id, booking_date, service_date, price, status) VALUES (16, 5, 17, '2025-11-06', '2025-11-17', 48.09, 'completed');
INSERT INTO bookings (booking_id, customer_id, provider_id, booking_date, service_date, price, status) VALUES (17, 35, 5, '2025-11-27', '2025-12-07', 97.87, 'completed');
INSERT INTO bookings (booking_id, customer_id, provider_id, booking_date, service_date, price, status) VALUES (18, 10, 16, '2026-01-18', '2026-01-22', 130.75, 'completed');
INSERT INTO bookings (booking_id, customer_id, provider_id, booking_date, service_date, price, status) VALUES (19, 23, 14, '2025-10-31', '2025-11-14', 72.89, 'cancelled');
INSERT INTO bookings (booking_id, customer_id, provider_id, booking_date, service_date, price, status) VALUES (20, 44, 4, '2026-01-18', '2026-01-30', 37.73, 'completed');
INSERT INTO bookings (booking_id, customer_id, provider_id, booking_date, service_date, price, status) VALUES (21, 32, 8, '2025-11-17', '2025-11-26', 45.54, 'completed');
INSERT INTO bookings (booking_id, customer_id, provider_id, booking_date, service_date, price, status) VALUES (22, 28, 6, '2025-11-29', '2025-12-03', 50.32, 'cancelled');
INSERT INTO bookings (booking_id, customer_id, provider_id, booking_date, service_date, price, status) VALUES (23, 5, 15, '2025-11-21', '2025-12-05', 89.44, 'completed');
INSERT INTO bookings (booking_id, customer_id, provider_id, booking_date, service_date, price, status) VALUES (24, 9, 18, '2025-11-09', '2025-11-11', 88.52, 'no_show');
INSERT INTO bookings (booking_id, customer_id, provider_id, booking_date, service_date, price, status) VALUES (25, 16, 6, '2025-12-06', '2025-12-14', 57.35, 'completed');
INSERT INTO bookings (booking_id, customer_id, provider_id, booking_date, service_date, price, status) VALUES (26, 26, 2, '2026-01-13', '2026-01-14', 42.41, 'no_show');
INSERT INTO bookings (booking_id, customer_id, provider_id, booking_date, service_date, price, status) VALUES (27, 41, 15, '2025-12-16', '2025-12-28', 60.69, 'no_show');
INSERT INTO bookings (booking_id, customer_id, provider_id, booking_date, service_date, price, status) VALUES (28, 36, 16, '2026-01-01', '2026-01-06', 65.48, 'completed');
INSERT INTO bookings (booking_id, customer_id, provider_id, booking_date, service_date, price, status) VALUES (29, 4, 19, '2025-11-23', '2025-11-24', 85.47, 'cancelled');
INSERT INTO bookings (booking_id, customer_id, provider_id, booking_date, service_date, price, status) VALUES (30, 9, 2, '2025-12-23', '2026-01-01', 61.29, 'no_show');
INSERT INTO bookings (booking_id, customer_id, provider_id, booking_date, service_date, price, status) VALUES (31, 34, 6, '2026-01-11', '2026-01-20', 38.13, 'completed');
INSERT INTO bookings (booking_id, customer_id, provider_id, booking_date, service_date, price, status) VALUES (32, 12, 3, '2025-12-27', '2026-01-07', 87.6, 'cancelled');
INSERT INTO bookings (booking_id, customer_id, provider_id, booking_date, service_date, price, status) VALUES (33, 5, 4, '2025-12-15', '2025-12-25', 77.37, 'completed');
INSERT INTO bookings (booking_id, customer_id, provider_id, booking_date, service_date, price, status) VALUES (34, 39, 2, '2025-10-25', '2025-11-01', 62.87, 'completed');
INSERT INTO bookings (booking_id, customer_id, provider_id, booking_date, service_date, price, status) VALUES (35, 37, 17, '2025-12-28', '2026-01-02', 52.4, 'completed');
INSERT INTO bookings (booking_id, customer_id, provider_id, booking_date, service_date, price, status) VALUES (36, 28, 8, '2026-01-12', '2026-01-15', 49.61, 'completed');
INSERT INTO bookings (booking_id, customer_id, provider_id, booking_date, service_date, price, status) VALUES (37, 20, 15, '2025-12-17', '2025-12-30', 62.39, 'no_show');
INSERT INTO bookings (booking_id, customer_id, provider_id, booking_date, service_date, price, status) VALUES (38, 1, 15, '2025-11-23', '2025-12-03', 79.16, 'no_show');
INSERT INTO bookings (booking_id, customer_id, provider_id, booking_date, service_date, price, status) VALUES (39, 33, 18, '2025-12-28', '2026-01-02', 44.92, 'completed');
INSERT INTO bookings (booking_id, customer_id, provider_id, booking_date, service_date, price, status) VALUES (40, 23, 3, '2025-11-04', '2025-11-10', 110.34, 'completed');
INSERT INTO bookings (booking_id, customer_id, provider_id, booking_date, service_date, price, status) VALUES (41, 35, 10, '2026-01-18', '2026-01-31', 72.82, 'completed');
INSERT INTO bookings (booking_id, customer_id, provider_id, booking_date, service_date, price, status) VALUES (42, 15, 18, '2025-11-07', '2025-11-18', 50.96, 'completed');
INSERT INTO bookings (booking_id, customer_id, provider_id, booking_date, service_date, price, status) VALUES (43, 9, 9, '2025-11-19', '2025-11-21', 38.08, 'cancelled');
INSERT INTO bookings (booking_id, customer_id, provider_id, booking_date, service_date, price, status) VALUES (44, 10, 9, '2025-11-05', '2025-11-09', 49.72, 'cancelled');
INSERT INTO bookings (booking_id, customer_id, provider_id, booking_date, service_date, price, status) VALUES (45, 8, 9, '2026-01-19', '2026-01-24', 65.38, 'no_show');
INSERT INTO bookings (booking_id, customer_id, provider_id, booking_date, service_date, price, status) VALUES (46, 4, 3, '2025-11-04', '2025-11-18', 90.74, 'completed');
INSERT INTO bookings (booking_id, customer_id, provider_id, booking_date, service_date, price, status) VALUES (47, 1, 11, '2026-01-05', '2026-01-16', 77.41, 'no_show');
INSERT INTO bookings (booking_id, customer_id, provider_id, booking_date, service_date, price, status) VALUES (48, 4, 15, '2025-12-17', '2025-12-24', 75.34, 'completed');
INSERT INTO bookings (booking_id, customer_id, provider_id, booking_date, service_date, price, status) VALUES (49, 8, 3, '2025-11-09', '2025-11-21', 115.6, 'no_show');
INSERT INTO bookings (booking_id, customer_id, provider_id, booking_date, service_date, price, status) VALUES (50, 24, 19, '2025-11-20', '2025-11-27', 75.39, 'completed');
INSERT INTO bookings (booking_id, customer_id, provider_id, booking_date, service_date, price, status) VALUES (51, 11, 12, '2025-11-21', '2025-12-04', 75.45, 'no_show');
INSERT INTO bookings (booking_id, customer_id, provider_id, booking_date, service_date, price, status) VALUES (52, 3, 12, '2025-12-22', '2025-12-26', 44.45, 'completed');
INSERT INTO bookings (booking_id, customer_id, provider_id, booking_date, service_date, price, status) VALUES (53, 23, 18, '2025-11-14', '2025-11-21', 91.89, 'no_show');
INSERT INTO bookings (booking_id, customer_id, provider_id, booking_date, service_date, price, status) VALUES (54, 6, 8, '2026-01-02', '2026-01-15', 82.55, 'cancelled');
INSERT INTO bookings (booking_id, customer_id, provider_id, booking_date, service_date, price, status) VALUES (55, 27, 1, '2025-11-27', '2025-12-03', 43.07, 'cancelled');
INSERT INTO bookings (booking_id, customer_id, provider_id, booking_date, service_date, price, status) VALUES (56, 27, 8, '2025-11-13', '2025-11-26', 49.67, 'cancelled');
INSERT INTO bookings (booking_id, customer_id, provider_id, booking_date, service_date, price, status) VALUES (57, 5, 2, '2025-12-30', '2026-01-03', 73.64, 'completed');
INSERT INTO bookings (booking_id, customer_id, provider_id, booking_date, service_date, price, status) VALUES (58, 30, 12, '2025-12-25', '2026-01-07', 48.73, 'cancelled');
INSERT INTO bookings (booking_id, customer_id, provider_id, booking_date, service_date, price, status) VALUES (59, 15, 1, '2026-01-15', '2026-01-22', 64.7, 'completed');
INSERT INTO bookings (booking_id, customer_id, provider_id, booking_date, service_date, price, status) VALUES (60, 33, 9, '2025-11-19', '2025-11-28', 54.58, 'completed');
INSERT INTO bookings (booking_id, customer_id, provider_id, booking_date, service_date, price, status) VALUES (61, 35, 11, '2025-12-13', '2025-12-15', 86.66, 'cancelled');
INSERT INTO bookings (booking_id, customer_id, provider_id, booking_date, service_date, price, status) VALUES (62, 17, 6, '2025-12-11', '2025-12-16', 66.93, 'completed');
INSERT INTO bookings (booking_id, customer_id, provider_id, booking_date, service_date, price, status) VALUES (63, 22, 14, '2025-11-18', '2025-12-01', 67.65, 'completed');
INSERT INTO bookings (booking_id, customer_id, provider_id, booking_date, service_date, price, status) VALUES (64, 39, 17, '2026-01-20', '2026-01-30', 41.36, 'completed');
INSERT INTO bookings (booking_id, customer_id, provider_id, booking_date, service_date, price, status) VALUES (65, 3, 14, '2026-01-21', '2026-02-03', 40.14, 'completed');
INSERT INTO bookings (booking_id, customer_id, provider_id, booking_date, service_date, price, status) VALUES (66, 8, 12, '2026-01-15', '2026-01-26', 54.41, 'no_show');
INSERT INTO bookings (booking_id, customer_id, provider_id, booking_date, service_date, price, status) VALUES (67, 40, 11, '2025-10-29', '2025-10-31', 71.49, 'cancelled');
INSERT INTO bookings (booking_id, customer_id, provider_id, booking_date, service_date, price, status) VALUES (68, 20, 17, '2025-11-02', '2025-11-09', 52.01, 'completed');
INSERT INTO bookings (booking_id, customer_id, provider_id, booking_date, service_date, price, status) VALUES (69, 11, 18, '2025-12-25', '2026-01-01', 38.91, 'completed');
INSERT INTO bookings (booking_id, customer_id, provider_id, booking_date, service_date, price, status) VALUES (70, 25, 6, '2025-12-05', '2025-12-10', 68.85, 'completed');
INSERT INTO bookings (booking_id, customer_id, provider_id, booking_date, service_date, price, status) VALUES (71, 1, 10, '2026-01-13', '2026-01-20', 50.08, 'cancelled');
INSERT INTO bookings (booking_id, customer_id, provider_id, booking_date, service_date, price, status) VALUES (72, 22, 11, '2025-11-20', '2025-11-28', 60.57, 'completed');
INSERT INTO bookings (booking_id, customer_id, provider_id, booking_date, service_date, price, status) VALUES (73, 33, 16, '2025-10-29', '2025-11-11', 129.37, 'cancelled');
INSERT INTO bookings (booking_id, customer_id, provider_id, booking_date, service_date, price, status) VALUES (74, 19, 17, '2025-10-25', '2025-11-04', 71.51, 'completed');
INSERT INTO bookings (booking_id, customer_id, provider_id, booking_date, service_date, price, status) VALUES (75, 10, 10, '2025-11-26', '2025-11-30', 45.72, 'completed');
INSERT INTO bookings (booking_id, customer_id, provider_id, booking_date, service_date, price, status) VALUES (76, 3, 8, '2026-01-07', '2026-01-17', 89.12, 'cancelled');
INSERT INTO bookings (booking_id, customer_id, provider_id, booking_date, service_date, price, status) VALUES (77, 5, 15, '2025-11-06', '2025-11-17', 67.79, 'completed');
INSERT INTO bookings (booking_id, customer_id, provider_id, booking_date, service_date, price, status) VALUES (78, 5, 16, '2025-12-25', '2025-12-28', 89.97, 'completed');
INSERT INTO bookings (booking_id, customer_id, provider_id, booking_date, service_date, price, status) VALUES (79, 1, 4, '2025-11-19', '2025-11-23', 70.03, 'completed');
INSERT INTO bookings (booking_id, customer_id, provider_id, booking_date, service_date, price, status) VALUES (80, 45, 17, '2025-11-09', '2025-11-18', 60.55, 'completed');
INSERT INTO bookings (booking_id, customer_id, provider_id, booking_date, service_date, price, status) VALUES (81, 32, 15, '2026-01-04', '2026-01-12', 52.33, 'completed');
INSERT INTO bookings (booking_id, customer_id, provider_id, booking_date, service_date, price, status) VALUES (82, 36, 20, '2025-12-06', '2025-12-19', 81.73, 'cancelled');
INSERT INTO bookings (booking_id, customer_id, provider_id, booking_date, service_date, price, status) VALUES (83, 40, 17, '2025-12-17', '2025-12-26', 58.47, 'completed');
INSERT INTO bookings (booking_id, customer_id, provider_id, booking_date, service_date, price, status) VALUES (84, 4, 16, '2026-01-01', '2026-01-14', 95.01, 'completed');
INSERT INTO bookings (booking_id, customer_id, provider_id, booking_date, service_date, price, status) VALUES (85, 41, 9, '2025-12-05', '2025-12-14', 83.61, 'completed');
INSERT INTO bookings (booking_id, customer_id, provider_id, booking_date, service_date, price, status) VALUES (86, 16, 9, '2025-12-18', '2025-12-30', 60.79, 'completed');
INSERT INTO bookings (booking_id, customer_id, provider_id, booking_date, service_date, price, status) VALUES (87, 41, 11, '2025-10-25', '2025-11-03', 52.58, 'completed');
INSERT INTO bookings (booking_id, customer_id, provider_id, booking_date, service_date, price, status) VALUES (88, 10, 8, '2025-11-04', '2025-11-07', 56.07, 'cancelled');
INSERT INTO bookings (booking_id, customer_id, provider_id, booking_date, service_date, price, status) VALUES (89, 5, 14, '2025-11-01', '2025-11-10', 72.61, 'completed');
INSERT INTO bookings (booking_id, customer_id, provider_id, booking_date, service_date, price, status) VALUES (90, 9, 7, '2026-01-18', '2026-01-25', 72.48, 'no_show');
INSERT INTO bookings (booking_id, customer_id, provider_id, booking_date, service_date, price, status) VALUES (91, 38, 1, '2025-12-31', '2026-01-13', 73.55, 'completed');
INSERT INTO bookings (booking_id, customer_id, provider_id, booking_date, service_date, price, status) VALUES (92, 31, 1, '2026-01-20', '2026-01-25', 77.42, 'cancelled');
INSERT INTO bookings (booking_id, customer_id, provider_id, booking_date, service_date, price, status) VALUES (93, 25, 18, '2025-11-08', '2025-11-17', 82.33, 'cancelled');
INSERT INTO bookings (booking_id, customer_id, provider_id, booking_date, service_date, price, status) VALUES (94, 15, 16, '2025-12-16', '2025-12-23', 71.94, 'completed');
INSERT INTO bookings (booking_id, customer_id, provider_id, booking_date, service_date, price, status) VALUES (95, 25, 11, '2025-10-28', '2025-11-10', 71.79, 'completed');
INSERT INTO bookings (booking_id, customer_id, provider_id, booking_date, service_date, price, status) VALUES (96, 4, 15, '2026-01-14', '2026-01-24', 95.57, 'completed');
INSERT INTO bookings (booking_id, customer_id, provider_id, booking_date, service_date, price, status) VALUES (97, 26, 19, '2025-11-29', '2025-11-30', 76.04, 'completed');
INSERT INTO bookings (booking_id, customer_id, provider_id, booking_date, service_date, price, status) VALUES (98, 28, 5, '2025-12-20', '2025-12-23', 109.35, 'completed');
INSERT INTO bookings (booking_id, customer_id, provider_id, booking_date, service_date, price, status) VALUES (99, 8, 15, '2025-12-17', '2025-12-30', 62.98, 'cancelled');
INSERT INTO bookings (booking_id, customer_id, provider_id, booking_date, service_date, price, status) VALUES (100, 18, 14, '2025-11-08', '2025-11-10', 60.18, 'completed');
INSERT INTO bookings (booking_id, customer_id, provider_id, booking_date, service_date, price, status) VALUES (101, 48, 18, '2025-12-05', '2025-12-11', 33.65, 'completed');
INSERT INTO bookings (booking_id, customer_id, provider_id, booking_date, service_date, price, status) VALUES (102, 33, 2, '2025-11-06', '2025-11-10', 68.94, 'completed');
INSERT INTO bookings (booking_id, customer_id, provider_id, booking_date, service_date, price, status) VALUES (103, 2, 20, '2025-10-29', '2025-11-01', 65.24, 'completed');
INSERT INTO bookings (booking_id, customer_id, provider_id, booking_date, service_date, price, status) VALUES (104, 8, 19, '2025-11-23', '2025-12-01', 97.13, 'completed');
INSERT INTO bookings (booking_id, customer_id, provider_id, booking_date, service_date, price, status) VALUES (105, 39, 6, '2025-11-29', '2025-12-11', 68.32, 'cancelled');
INSERT INTO bookings (booking_id, customer_id, provider_id, booking_date, service_date, price, status) VALUES (106, 50, 6, '2026-01-20', '2026-01-22', 88.06, 'completed');
INSERT INTO bookings (booking_id, customer_id, provider_id, booking_date, service_date, price, status) VALUES (107, 20, 19, '2026-01-10', '2026-01-17', 82.25, 'completed');
INSERT INTO bookings (booking_id, customer_id, provider_id, booking_date, service_date, price, status) VALUES (108, 8, 3, '2026-01-16', '2026-01-30', 87.37, 'completed');
INSERT INTO bookings (booking_id, customer_id, provider_id, booking_date, service_date, price, status) VALUES (109, 7, 10, '2025-10-28', '2025-11-07', 89.52, 'cancelled');
INSERT INTO bookings (booking_id, customer_id, provider_id, booking_date, service_date, price, status) VALUES (110, 37, 2, '2026-01-20', '2026-01-27', 50.62, 'completed');
INSERT INTO bookings (booking_id, customer_id, provider_id, booking_date, service_date, price, status) VALUES (111, 33, 17, '2025-11-28', '2025-11-29', 70.61, 'cancelled');
INSERT INTO bookings (booking_id, customer_id, provider_id, booking_date, service_date, price, status) VALUES (112, 32, 4, '2025-11-14', '2025-11-20', 54.51, 'completed');
INSERT INTO bookings (booking_id, customer_id, provider_id, booking_date, service_date, price, status) VALUES (113, 30, 5, '2025-12-30', '2026-01-11', 74.84, 'completed');
INSERT INTO bookings (booking_id, customer_id, provider_id, booking_date, service_date, price, status) VALUES (114, 41, 20, '2025-11-18', '2025-11-27', 130.82, 'cancelled');
INSERT INTO bookings (booking_id, customer_id, provider_id, booking_date, service_date, price, status) VALUES (115, 47, 19, '2025-12-28', '2026-01-11', 59.76, 'completed');
INSERT INTO bookings (booking_id, customer_id, provider_id, booking_date, service_date, price, status) VALUES (116, 6, 9, '2025-11-03', '2025-11-07', 91.71, 'cancelled');
INSERT INTO bookings (booking_id, customer_id, provider_id, booking_date, service_date, price, status) VALUES (117, 1, 20, '2025-11-28', '2025-12-04', 116.82, 'completed');
INSERT INTO bookings (booking_id, customer_id, provider_id, booking_date, service_date, price, status) VALUES (118, 12, 16, '2026-01-08', '2026-01-21', 71.21, 'completed');
INSERT INTO bookings (booking_id, customer_id, provider_id, booking_date, service_date, price, status) VALUES (119, 18, 20, '2025-12-18', '2025-12-23', 120.12, 'completed');
INSERT INTO bookings (booking_id, customer_id, provider_id, booking_date, service_date, price, status) VALUES (120, 8, 3, '2026-01-18', '2026-01-25', 59.31, 'completed');
INSERT INTO bookings (booking_id, customer_id, provider_id, booking_date, service_date, price, status) VALUES (121, 49, 8, '2026-01-17', '2026-01-28', 72.98, 'cancelled');
INSERT INTO bookings (booking_id, customer_id, provider_id, booking_date, service_date, price, status) VALUES (122, 29, 1, '2025-12-03', '2025-12-07', 39.19, 'completed');
INSERT INTO bookings (booking_id, customer_id, provider_id, booking_date, service_date, price, status) VALUES (123, 10, 10, '2025-12-24', '2025-12-30', 76.48, 'completed');
INSERT INTO bookings (booking_id, customer_id, provider_id, booking_date, service_date, price, status) VALUES (124, 34, 12, '2026-01-05', '2026-01-17', 54.15, 'completed');
INSERT INTO bookings (booking_id, customer_id, provider_id, booking_date, service_date, price, status) VALUES (125, 23, 15, '2025-11-09', '2025-11-14', 59.9, 'completed');
INSERT INTO bookings (booking_id, customer_id, provider_id, booking_date, service_date, price, status) VALUES (126, 8, 11, '2026-01-22', '2026-01-31', 41.58, 'no_show');
INSERT INTO bookings (booking_id, customer_id, provider_id, booking_date, service_date, price, status) VALUES (127, 45, 6, '2025-11-16', '2025-11-28', 45.53, 'completed');
INSERT INTO bookings (booking_id, customer_id, provider_id, booking_date, service_date, price, status) VALUES (128, 47, 19, '2026-01-16', '2026-01-25', 98.71, 'completed');
INSERT INTO bookings (booking_id, customer_id, provider_id, booking_date, service_date, price, status) VALUES (129, 32, 7, '2025-11-09', '2025-11-15', 48.33, 'completed');
INSERT INTO bookings (booking_id, customer_id, provider_id, booking_date, service_date, price, status) VALUES (130, 1, 18, '2026-01-10', '2026-01-11', 38.86, 'no_show');
INSERT INTO bookings (booking_id, customer_id, provider_id, booking_date, service_date, price, status) VALUES (131, 36, 10, '2026-01-11', '2026-01-14', 78.82, 'completed');
INSERT INTO bookings (booking_id, customer_id, provider_id, booking_date, service_date, price, status) VALUES (132, 30, 4, '2025-11-11', '2025-11-21', 74.27, 'completed');
INSERT INTO bookings (booking_id, customer_id, provider_id, booking_date, service_date, price, status) VALUES (133, 31, 15, '2026-01-18', '2026-01-19', 63.74, 'completed');
INSERT INTO bookings (booking_id, customer_id, provider_id, booking_date, service_date, price, status) VALUES (134, 31, 4, '2025-12-04', '2025-12-11', 72.0, 'completed');
INSERT INTO bookings (booking_id, customer_id, provider_id, booking_date, service_date, price, status) VALUES (135, 1, 2, '2025-10-27', '2025-11-09', 41.83, 'completed');
INSERT INTO bookings (booking_id, customer_id, provider_id, booking_date, service_date, price, status) VALUES (136, 20, 3, '2025-11-11', '2025-11-13', 119.51, 'completed');
INSERT INTO bookings (booking_id, customer_id, provider_id, booking_date, service_date, price, status) VALUES (137, 39, 20, '2026-01-04', '2026-01-13', 72.57, 'completed');
INSERT INTO bookings (booking_id, customer_id, provider_id, booking_date, service_date, price, status) VALUES (138, 37, 10, '2026-01-22', '2026-01-29', 90.21, 'completed');
INSERT INTO bookings (booking_id, customer_id, provider_id, booking_date, service_date, price, status) VALUES (139, 40, 2, '2025-11-26', '2025-12-08', 62.43, 'completed');
INSERT INTO bookings (booking_id, customer_id, provider_id, booking_date, service_date, price, status) VALUES (140, 49, 7, '2026-01-08', '2026-01-13', 63.15, 'completed');
INSERT INTO bookings (booking_id, customer_id, provider_id, booking_date, service_date, price, status) VALUES (141, 4, 8, '2025-12-03', '2025-12-05', 44.56, 'completed');
INSERT INTO bookings (booking_id, customer_id, provider_id, booking_date, service_date, price, status) VALUES (142, 27, 15, '2026-01-10', '2026-01-18', 82.92, 'completed');
INSERT INTO bookings (booking_id, customer_id, provider_id, booking_date, service_date, price, status) VALUES (143, 15, 10, '2025-12-29', '2026-01-10', 79.49, 'cancelled');
INSERT INTO bookings (booking_id, customer_id, provider_id, booking_date, service_date, price, status) VALUES (144, 33, 8, '2026-01-16', '2026-01-29', 85.82, 'cancelled');
INSERT INTO bookings (booking_id, customer_id, provider_id, booking_date, service_date, price, status) VALUES (145, 38, 7, '2026-01-04', '2026-01-13', 54.13, 'completed');
INSERT INTO bookings (booking_id, customer_id, provider_id, booking_date, service_date, price, status) VALUES (146, 10, 9, '2026-01-11', '2026-01-13', 87.86, 'completed');
INSERT INTO bookings (booking_id, customer_id, provider_id, booking_date, service_date, price, status) VALUES (147, 11, 20, '2025-11-18', '2025-11-28', 124.9, 'no_show');
INSERT INTO bookings (booking_id, customer_id, provider_id, booking_date, service_date, price, status) VALUES (148, 30, 10, '2025-11-19', '2025-11-24', 78.98, 'completed');
INSERT INTO bookings (booking_id, customer_id, provider_id, booking_date, service_date, price, status) VALUES (149, 32, 15, '2025-11-09', '2025-11-10', 49.42, 'cancelled');
INSERT INTO bookings (booking_id, customer_id, provider_id, booking_date, service_date, price, status) VALUES (150, 28, 20, '2026-01-09', '2026-01-11', 75.04, 'completed');
INSERT INTO bookings (booking_id, customer_id, provider_id, booking_date, service_date, price, status) VALUES (151, 44, 19, '2026-01-01', '2026-01-02', 77.29, 'no_show');
INSERT INTO bookings (booking_id, customer_id, provider_id, booking_date, service_date, price, status) VALUES (152, 44, 9, '2025-11-04', '2025-11-17', 70.34, 'cancelled');
INSERT INTO bookings (booking_id, customer_id, provider_id, booking_date, service_date, price, status) VALUES (153, 30, 17, '2025-12-01', '2025-12-06', 70.83, 'completed');
INSERT INTO bookings (booking_id, customer_id, provider_id, booking_date, service_date, price, status) VALUES (154, 38, 14, '2026-01-17', '2026-01-25', 90.78, 'no_show');
INSERT INTO bookings (booking_id, customer_id, provider_id, booking_date, service_date, price, status) VALUES (155, 31, 12, '2025-10-28', '2025-11-03', 53.38, 'completed');
INSERT INTO bookings (booking_id, customer_id, provider_id, booking_date, service_date, price, status) VALUES (156, 4, 11, '2026-01-16', '2026-01-24', 57.64, 'completed');
INSERT INTO bookings (booking_id, customer_id, provider_id, booking_date, service_date, price, status) VALUES (157, 26, 18, '2025-12-09', '2025-12-11', 32.57, 'completed');
INSERT INTO bookings (booking_id, customer_id, provider_id, booking_date, service_date, price, status) VALUES (158, 21, 4, '2025-11-15', '2025-11-22', 78.66, 'cancelled');
INSERT INTO bookings (booking_id, customer_id, provider_id, booking_date, service_date, price, status) VALUES (159, 15, 18, '2025-11-13', '2025-11-14', 62.34, 'completed');
INSERT INTO bookings (booking_id, customer_id, provider_id, booking_date, service_date, price, status) VALUES (160, 24, 20, '2026-01-12', '2026-01-23', 125.64, 'cancelled');
INSERT INTO bookings (booking_id, customer_id, provider_id, booking_date, service_date, price, status) VALUES (161, 18, 18, '2026-01-22', '2026-01-27', 39.17, 'completed');
INSERT INTO bookings (booking_id, customer_id, provider_id, booking_date, service_date, price, status) VALUES (162, 30, 4, '2025-12-08', '2025-12-19', 36.3, 'completed');
INSERT INTO bookings (booking_id, customer_id, provider_id, booking_date, service_date, price, status) VALUES (163, 16, 6, '2025-11-27', '2025-11-28', 52.09, 'completed');
INSERT INTO bookings (booking_id, customer_id, provider_id, booking_date, service_date, price, status) VALUES (164, 6, 8, '2025-11-23', '2025-11-25', 89.57, 'completed');
INSERT INTO bookings (booking_id, customer_id, provider_id, booking_date, service_date, price, status) VALUES (165, 32, 5, '2026-01-12', '2026-01-24', 79.87, 'completed');
INSERT INTO bookings (booking_id, customer_id, provider_id, booking_date, service_date, price, status) VALUES (166, 46, 9, '2026-01-10', '2026-01-18', 59.08, 'no_show');
INSERT INTO bookings (booking_id, customer_id, provider_id, booking_date, service_date, price, status) VALUES (167, 16, 15, '2026-01-17', '2026-01-24', 75.32, 'completed');
INSERT INTO bookings (booking_id, customer_id, provider_id, booking_date, service_date, price, status) VALUES (168, 22, 17, '2025-11-16', '2025-11-19', 76.05, 'cancelled');
INSERT INTO bookings (booking_id, customer_id, provider_id, booking_date, service_date, price, status) VALUES (169, 18, 14, '2025-11-15', '2025-11-28', 67.19, 'completed');
INSERT INTO bookings (booking_id, customer_id, provider_id, booking_date, service_date, price, status) VALUES (170, 1, 10, '2025-10-27', '2025-11-10', 80.82, 'completed');
INSERT INTO bookings (booking_id, customer_id, provider_id, booking_date, service_date, price, status) VALUES (171, 30, 5, '2025-12-28', '2026-01-05', 75.72, 'completed');
INSERT INTO bookings (booking_id, customer_id, provider_id, booking_date, service_date, price, status) VALUES (172, 36, 18, '2025-11-12', '2025-11-18', 56.4, 'cancelled');
INSERT INTO bookings (booking_id, customer_id, provider_id, booking_date, service_date, price, status) VALUES (173, 45, 8, '2025-12-02', '2025-12-06', 66.45, 'cancelled');
INSERT INTO bookings (booking_id, customer_id, provider_id, booking_date, service_date, price, status) VALUES (174, 25, 2, '2025-11-25', '2025-12-03', 49.32, 'cancelled');
INSERT INTO bookings (booking_id, customer_id, provider_id, booking_date, service_date, price, status) VALUES (175, 25, 13, '2025-11-21', '2025-12-04', 119.07, 'cancelled');
INSERT INTO bookings (booking_id, customer_id, provider_id, booking_date, service_date, price, status) VALUES (176, 32, 2, '2026-01-16', '2026-01-26', 40.68, 'completed');
INSERT INTO bookings (booking_id, customer_id, provider_id, booking_date, service_date, price, status) VALUES (177, 32, 15, '2025-10-31', '2025-11-08', 50.48, 'completed');
INSERT INTO bookings (booking_id, customer_id, provider_id, booking_date, service_date, price, status) VALUES (178, 10, 14, '2026-01-08', '2026-01-11', 109.67, 'completed');
INSERT INTO bookings (booking_id, customer_id, provider_id, booking_date, service_date, price, status) VALUES (179, 17, 11, '2025-11-21', '2025-11-28', 69.28, 'completed');
INSERT INTO bookings (booking_id, customer_id, provider_id, booking_date, service_date, price, status) VALUES (180, 28, 18, '2025-11-28', '2025-12-04', 56.6, 'completed');
INSERT INTO bookings (booking_id, customer_id, provider_id, booking_date, service_date, price, status) VALUES (181, 49, 16, '2025-12-26', '2025-12-27', 137.24, 'completed');
INSERT INTO bookings (booking_id, customer_id, provider_id, booking_date, service_date, price, status) VALUES (182, 44, 10, '2025-12-13', '2025-12-25', 99.82, 'completed');
INSERT INTO bookings (booking_id, customer_id, provider_id, booking_date, service_date, price, status) VALUES (183, 32, 4, '2025-12-02', '2025-12-14', 54.97, 'completed');
INSERT INTO bookings (booking_id, customer_id, provider_id, booking_date, service_date, price, status) VALUES (184, 2, 2, '2025-12-29', '2025-12-30', 49.6, 'completed');
INSERT INTO bookings (booking_id, customer_id, provider_id, booking_date, service_date, price, status) VALUES (185, 24, 14, '2026-01-14', '2026-01-23', 51.65, 'completed');
INSERT INTO bookings (booking_id, customer_id, provider_id, booking_date, service_date, price, status) VALUES (186, 4, 6, '2025-12-16', '2025-12-26', 44.63, 'cancelled');
INSERT INTO bookings (booking_id, customer_id, provider_id, booking_date, service_date, price, status) VALUES (187, 40, 8, '2025-11-26', '2025-12-06', 62.37, 'completed');
INSERT INTO bookings (booking_id, customer_id, provider_id, booking_date, service_date, price, status) VALUES (188, 30, 9, '2025-10-27', '2025-11-07', 62.17, 'completed');
INSERT INTO bookings (booking_id, customer_id, provider_id, booking_date, service_date, price, status) VALUES (189, 37, 10, '2025-11-05', '2025-11-08', 77.43, 'completed');
INSERT INTO bookings (booking_id, customer_id, provider_id, booking_date, service_date, price, status) VALUES (190, 23, 19, '2026-01-18', '2026-01-25', 61.45, 'completed');
INSERT INTO bookings (booking_id, customer_id, provider_id, booking_date, service_date, price, status) VALUES (191, 30, 10, '2025-11-19', '2025-11-26', 43.95, 'cancelled');
INSERT INTO bookings (booking_id, customer_id, provider_id, booking_date, service_date, price, status) VALUES (192, 32, 8, '2025-11-11', '2025-11-17', 55.98, 'completed');
INSERT INTO bookings (booking_id, customer_id, provider_id, booking_date, service_date, price, status) VALUES (193, 45, 10, '2025-12-20', '2026-01-03', 31.54, 'completed');
INSERT INTO bookings (booking_id, customer_id, provider_id, booking_date, service_date, price, status) VALUES (194, 18, 1, '2025-11-19', '2025-11-30', 60.47, 'cancelled');
INSERT INTO bookings (booking_id, customer_id, provider_id, booking_date, service_date, price, status) VALUES (195, 9, 20, '2025-10-28', '2025-11-11', 124.52, 'no_show');
INSERT INTO bookings (booking_id, customer_id, provider_id, booking_date, service_date, price, status) VALUES (196, 15, 20, '2025-11-04', '2025-11-08', 130.19, 'completed');
INSERT INTO bookings (booking_id, customer_id, provider_id, booking_date, service_date, price, status) VALUES (197, 44, 5, '2025-12-21', '2026-01-01', 90.26, 'completed');
INSERT INTO bookings (booking_id, customer_id, provider_id, booking_date, service_date, price, status) VALUES (198, 11, 15, '2025-12-06', '2025-12-12', 46.84, 'cancelled');
INSERT INTO bookings (booking_id, customer_id, provider_id, booking_date, service_date, price, status) VALUES (199, 6, 10, '2025-11-27', '2025-12-04', 52.87, 'completed');
INSERT INTO bookings (booking_id, customer_id, provider_id, booking_date, service_date, price, status) VALUES (200, 9, 18, '2026-01-03', '2026-01-09', 91.35, 'completed');
INSERT INTO bookings (booking_id, customer_id, provider_id, booking_date, service_date, price, status) VALUES (201, 41, 6, '2026-01-09', '2026-01-23', 49.13, 'no_show');
INSERT INTO bookings (booking_id, customer_id, provider_id, booking_date, service_date, price, status) VALUES (202, 19, 11, '2025-11-24', '2025-12-02', 79.23, 'no_show');
INSERT INTO bookings (booking_id, customer_id, provider_id, booking_date, service_date, price, status) VALUES (203, 10, 8, '2025-12-06', '2025-12-18', 82.31, 'completed');
INSERT INTO bookings (booking_id, customer_id, provider_id, booking_date, service_date, price, status) VALUES (204, 5, 18, '2025-12-22', '2026-01-04', 55.6, 'completed');
INSERT INTO bookings (booking_id, customer_id, provider_id, booking_date, service_date, price, status) VALUES (205, 17, 18, '2025-12-13', '2025-12-19', 38.65, 'completed');
INSERT INTO bookings (booking_id, customer_id, provider_id, booking_date, service_date, price, status) VALUES (206, 44, 9, '2025-11-05', '2025-11-19', 70.92, 'completed');
INSERT INTO bookings (booking_id, customer_id, provider_id, booking_date, service_date, price, status) VALUES (207, 39, 4, '2025-12-01', '2025-12-09', 65.37, 'completed');
INSERT INTO bookings (booking_id, customer_id, provider_id, booking_date, service_date, price, status) VALUES (208, 36, 11, '2026-01-20', '2026-01-24', 85.34, 'completed');
INSERT INTO bookings (booking_id, customer_id, provider_id, booking_date, service_date, price, status) VALUES (209, 41, 15, '2025-12-19', '2025-12-24', 95.02, 'completed');
INSERT INTO bookings (booking_id, customer_id, provider_id, booking_date, service_date, price, status) VALUES (210, 32, 5, '2025-11-12', '2025-11-13', 43.63, 'completed');
INSERT INTO bookings (booking_id, customer_id, provider_id, booking_date, service_date, price, status) VALUES (211, 32, 4, '2025-11-18', '2025-11-27', 39.37, 'completed');
INSERT INTO bookings (booking_id, customer_id, provider_id, booking_date, service_date, price, status) VALUES (212, 30, 12, '2025-10-29', '2025-11-10', 65.17, 'completed');
INSERT INTO bookings (booking_id, customer_id, provider_id, booking_date, service_date, price, status) VALUES (213, 17, 14, '2026-01-01', '2026-01-13', 86.99, 'completed');
INSERT INTO bookings (booking_id, customer_id, provider_id, booking_date, service_date, price, status) VALUES (214, 27, 4, '2025-12-06', '2025-12-16', 72.52, 'completed');
INSERT INTO bookings (booking_id, customer_id, provider_id, booking_date, service_date, price, status) VALUES (215, 18, 2, '2025-10-25', '2025-10-29', 66.06, 'completed');
INSERT INTO bookings (booking_id, customer_id, provider_id, booking_date, service_date, price, status) VALUES (216, 10, 12, '2025-12-14', '2025-12-25', 39.47, 'completed');
INSERT INTO bookings (booking_id, customer_id, provider_id, booking_date, service_date, price, status) VALUES (217, 42, 12, '2026-01-22', '2026-01-27', 37.72, 'completed');
INSERT INTO bookings (booking_id, customer_id, provider_id, booking_date, service_date, price, status) VALUES (218, 8, 15, '2026-01-11', '2026-01-15', 50.04, 'completed');
INSERT INTO bookings (booking_id, customer_id, provider_id, booking_date, service_date, price, status) VALUES (219, 22, 1, '2025-12-16', '2025-12-22', 37.28, 'completed');
INSERT INTO bookings (booking_id, customer_id, provider_id, booking_date, service_date, price, status) VALUES (220, 9, 19, '2025-12-30', '2026-01-13', 56.29, 'cancelled');
INSERT INTO bookings (booking_id, customer_id, provider_id, booking_date, service_date, price, status) VALUES (221, 14, 19, '2026-01-02', '2026-01-16', 56.88, 'completed');
INSERT INTO bookings (booking_id, customer_id, provider_id, booking_date, service_date, price, status) VALUES (222, 6, 20, '2026-01-05', '2026-01-19', 50.28, 'no_show');
INSERT INTO bookings (booking_id, customer_id, provider_id, booking_date, service_date, price, status) VALUES (223, 9, 18, '2026-01-04', '2026-01-07', 47.55, 'completed');
INSERT INTO bookings (booking_id, customer_id, provider_id, booking_date, service_date, price, status) VALUES (224, 2, 5, '2025-12-29', '2026-01-11', 41.19, 'cancelled');
INSERT INTO bookings (booking_id, customer_id, provider_id, booking_date, service_date, price, status) VALUES (225, 1, 11, '2025-11-13', '2025-11-18', 35.87, 'completed');
INSERT INTO bookings (booking_id, customer_id, provider_id, booking_date, service_date, price, status) VALUES (226, 48, 14, '2025-11-29', '2025-12-11', 82.09, 'completed');
INSERT INTO bookings (booking_id, customer_id, provider_id, booking_date, service_date, price, status) VALUES (227, 29, 12, '2025-12-05', '2025-12-07', 58.1, 'completed');
INSERT INTO bookings (booking_id, customer_id, provider_id, booking_date, service_date, price, status) VALUES (228, 10, 20, '2025-10-31', '2025-11-13', 54.34, 'no_show');
INSERT INTO bookings (booking_id, customer_id, provider_id, booking_date, service_date, price, status) VALUES (229, 43, 17, '2025-12-28', '2026-01-08', 51.59, 'no_show');
INSERT INTO bookings (booking_id, customer_id, provider_id, booking_date, service_date, price, status) VALUES (230, 4, 16, '2026-01-22', '2026-01-29', 134.73, 'completed');
INSERT INTO bookings (booking_id, customer_id, provider_id, booking_date, service_date, price, status) VALUES (231, 37, 3, '2025-11-26', '2025-12-02', 111.94, 'cancelled');
INSERT INTO bookings (booking_id, customer_id, provider_id, booking_date, service_date, price, status) VALUES (232, 18, 20, '2025-12-24', '2026-01-02', 113.31, 'cancelled');
INSERT INTO bookings (booking_id, customer_id, provider_id, booking_date, service_date, price, status) VALUES (233, 39, 17, '2025-11-24', '2025-12-03', 51.22, 'completed');
INSERT INTO bookings (booking_id, customer_id, provider_id, booking_date, service_date, price, status) VALUES (234, 32, 4, '2025-12-28', '2026-01-08', 73.38, 'cancelled');
INSERT INTO bookings (booking_id, customer_id, provider_id, booking_date, service_date, price, status) VALUES (235, 36, 7, '2026-01-15', '2026-01-19', 54.35, 'completed');
INSERT INTO bookings (booking_id, customer_id, provider_id, booking_date, service_date, price, status) VALUES (236, 30, 13, '2025-11-06', '2025-11-08', 73.28, 'completed');
INSERT INTO bookings (booking_id, customer_id, provider_id, booking_date, service_date, price, status) VALUES (237, 28, 9, '2026-01-02', '2026-01-05', 56.2, 'completed');
INSERT INTO bookings (booking_id, customer_id, provider_id, booking_date, service_date, price, status) VALUES (238, 31, 3, '2026-01-20', '2026-01-22', 47.3, 'completed');
INSERT INTO bookings (booking_id, customer_id, provider_id, booking_date, service_date, price, status) VALUES (239, 7, 12, '2025-11-23', '2025-12-02', 71.53, 'completed');
INSERT INTO bookings (booking_id, customer_id, provider_id, booking_date, service_date, price, status) VALUES (240, 17, 18, '2025-12-13', '2025-12-15', 53.08, 'completed');
INSERT INTO bookings (booking_id, customer_id, provider_id, booking_date, service_date, price, status) VALUES (241, 43, 14, '2025-11-24', '2025-12-06', 109.45, 'completed');
INSERT INTO bookings (booking_id, customer_id, provider_id, booking_date, service_date, price, status) VALUES (242, 20, 12, '2025-12-28', '2026-01-06', 39.66, 'completed');
INSERT INTO bookings (booking_id, customer_id, provider_id, booking_date, service_date, price, status) VALUES (243, 30, 8, '2025-12-03', '2025-12-09', 81.6, 'cancelled');
INSERT INTO bookings (booking_id, customer_id, provider_id, booking_date, service_date, price, status) VALUES (244, 24, 4, '2025-11-25', '2025-12-05', 69.32, 'completed');
INSERT INTO bookings (booking_id, customer_id, provider_id, booking_date, service_date, price, status) VALUES (245, 28, 18, '2025-12-03', '2025-12-17', 98.22, 'completed');
INSERT INTO bookings (booking_id, customer_id, provider_id, booking_date, service_date, price, status) VALUES (246, 17, 1, '2025-12-31', '2026-01-11', 62.4, 'cancelled');
INSERT INTO bookings (booking_id, customer_id, provider_id, booking_date, service_date, price, status) VALUES (247, 18, 1, '2025-11-22', '2025-12-04', 43.12, 'cancelled');
INSERT INTO bookings (booking_id, customer_id, provider_id, booking_date, service_date, price, status) VALUES (248, 22, 12, '2025-12-17', '2025-12-31', 35.27, 'completed');
INSERT INTO bookings (booking_id, customer_id, provider_id, booking_date, service_date, price, status) VALUES (249, 5, 3, '2025-11-06', '2025-11-17', 51.35, 'no_show');
INSERT INTO bookings (booking_id, customer_id, provider_id, booking_date, service_date, price, status) VALUES (250, 6, 17, '2025-11-12', '2025-11-19', 46.83, 'completed');
INSERT INTO bookings (booking_id, customer_id, provider_id, booking_date, service_date, price, status) VALUES (251, 11, 12, '2025-12-04', '2025-12-10', 49.02, 'cancelled');
INSERT INTO bookings (booking_id, customer_id, provider_id, booking_date, service_date, price, status) VALUES (252, 1, 20, '2025-12-28', '2025-12-29', 58.5, 'completed');
INSERT INTO bookings (booking_id, customer_id, provider_id, booking_date, service_date, price, status) VALUES (253, 49, 20, '2025-11-30', '2025-12-02', 54.98, 'completed');
INSERT INTO bookings (booking_id, customer_id, provider_id, booking_date, service_date, price, status) VALUES (254, 43, 14, '2025-12-29', '2026-01-06', 78.85, 'completed');
INSERT INTO bookings (booking_id, customer_id, provider_id, booking_date, service_date, price, status) VALUES (255, 8, 17, '2026-01-05', '2026-01-12', 41.26, 'completed');
INSERT INTO bookings (booking_id, customer_id, provider_id, booking_date, service_date, price, status) VALUES (256, 44, 19, '2026-01-20', '2026-01-31', 71.76, 'completed');
INSERT INTO bookings (booking_id, customer_id, provider_id, booking_date, service_date, price, status) VALUES (257, 15, 13, '2025-11-10', '2025-11-11', 118.76, 'completed');
INSERT INTO bookings (booking_id, customer_id, provider_id, booking_date, service_date, price, status) VALUES (258, 8, 5, '2025-12-23', '2025-12-28', 101.13, 'cancelled');
INSERT INTO bookings (booking_id, customer_id, provider_id, booking_date, service_date, price, status) VALUES (259, 48, 14, '2025-12-19', '2025-12-26', 54.06, 'completed');
INSERT INTO bookings (booking_id, customer_id, provider_id, booking_date, service_date, price, status) VALUES (260, 15, 17, '2025-11-23', '2025-12-04', 65.73, 'cancelled');
INSERT INTO bookings (booking_id, customer_id, provider_id, booking_date, service_date, price, status) VALUES (261, 33, 13, '2025-12-03', '2025-12-04', 108.94, 'completed');
INSERT INTO bookings (booking_id, customer_id, provider_id, booking_date, service_date, price, status) VALUES (262, 5, 11, '2025-12-17', '2025-12-27', 66.67, 'completed');
INSERT INTO bookings (booking_id, customer_id, provider_id, booking_date, service_date, price, status) VALUES (263, 41, 14, '2026-01-13', '2026-01-20', 63.16, 'completed');
INSERT INTO bookings (booking_id, customer_id, provider_id, booking_date, service_date, price, status) VALUES (264, 28, 6, '2025-10-25', '2025-11-04', 79.07, 'completed');
INSERT INTO bookings (booking_id, customer_id, provider_id, booking_date, service_date, price, status) VALUES (265, 45, 12, '2025-11-23', '2025-12-07', 38.97, 'completed');
INSERT INTO bookings (booking_id, customer_id, provider_id, booking_date, service_date, price, status) VALUES (266, 28, 19, '2025-11-21', '2025-11-23', 67.02, 'completed');
INSERT INTO bookings (booking_id, customer_id, provider_id, booking_date, service_date, price, status) VALUES (267, 11, 11, '2025-11-14', '2025-11-27', 47.19, 'completed');
INSERT INTO bookings (booking_id, customer_id, provider_id, booking_date, service_date, price, status) VALUES (268, 33, 4, '2025-12-05', '2025-12-09', 58.88, 'no_show');
INSERT INTO bookings (booking_id, customer_id, provider_id, booking_date, service_date, price, status) VALUES (269, 23, 12, '2026-01-09', '2026-01-23', 67.73, 'completed');
INSERT INTO bookings (booking_id, customer_id, provider_id, booking_date, service_date, price, status) VALUES (270, 6, 8, '2025-12-20', '2025-12-25', 40.65, 'completed');
INSERT INTO bookings (booking_id, customer_id, provider_id, booking_date, service_date, price, status) VALUES (271, 39, 5, '2025-12-22', '2026-01-02', 100.82, 'completed');
INSERT INTO bookings (booking_id, customer_id, provider_id, booking_date, service_date, price, status) VALUES (272, 41, 16, '2025-12-27', '2026-01-06', 96.4, 'cancelled');
INSERT INTO bookings (booking_id, customer_id, provider_id, booking_date, service_date, price, status) VALUES (273, 37, 19, '2025-11-25', '2025-12-05', 80.36, 'completed');
INSERT INTO bookings (booking_id, customer_id, provider_id, booking_date, service_date, price, status) VALUES (274, 41, 11, '2025-12-09', '2025-12-11', 43.3, 'completed');
INSERT INTO bookings (booking_id, customer_id, provider_id, booking_date, service_date, price, status) VALUES (275, 41, 10, '2025-12-06', '2025-12-16', 85.74, 'completed');
INSERT INTO bookings (booking_id, customer_id, provider_id, booking_date, service_date, price, status) VALUES (276, 34, 3, '2025-12-06', '2025-12-14', 64.83, 'completed');
INSERT INTO bookings (booking_id, customer_id, provider_id, booking_date, service_date, price, status) VALUES (277, 24, 10, '2025-12-29', '2026-01-12', 35.37, 'no_show');
INSERT INTO bookings (booking_id, customer_id, provider_id, booking_date, service_date, price, status) VALUES (278, 6, 20, '2025-11-14', '2025-11-21', 109.41, 'completed');
INSERT INTO bookings (booking_id, customer_id, provider_id, booking_date, service_date, price, status) VALUES (279, 9, 15, '2025-12-13', '2025-12-23', 95.0, 'completed');
INSERT INTO bookings (booking_id, customer_id, provider_id, booking_date, service_date, price, status) VALUES (280, 21, 20, '2025-12-09', '2025-12-12', 97.56, 'no_show');
INSERT INTO bookings (booking_id, customer_id, provider_id, booking_date, service_date, price, status) VALUES (281, 29, 4, '2026-01-10', '2026-01-24', 71.49, 'completed');
INSERT INTO bookings (booking_id, customer_id, provider_id, booking_date, service_date, price, status) VALUES (282, 33, 17, '2026-01-20', '2026-01-21', 70.54, 'completed');
INSERT INTO bookings (booking_id, customer_id, provider_id, booking_date, service_date, price, status) VALUES (283, 29, 15, '2026-01-10', '2026-01-20', 73.82, 'completed');
INSERT INTO bookings (booking_id, customer_id, provider_id, booking_date, service_date, price, status) VALUES (284, 24, 10, '2026-01-04', '2026-01-17', 57.12, 'completed');
INSERT INTO bookings (booking_id, customer_id, provider_id, booking_date, service_date, price, status) VALUES (285, 22, 2, '2025-11-10', '2025-11-21', 70.52, 'completed');
INSERT INTO bookings (booking_id, customer_id, provider_id, booking_date, service_date, price, status) VALUES (286, 22, 4, '2025-12-27', '2026-01-03', 60.11, 'completed');
INSERT INTO bookings (booking_id, customer_id, provider_id, booking_date, service_date, price, status) VALUES (287, 47, 20, '2025-11-02', '2025-11-08', 137.33, 'completed');
INSERT INTO bookings (booking_id, customer_id, provider_id, booking_date, service_date, price, status) VALUES (288, 39, 10, '2025-11-21', '2025-12-03', 97.74, 'completed');
INSERT INTO bookings (booking_id, customer_id, provider_id, booking_date, service_date, price, status) VALUES (289, 9, 20, '2025-12-14', '2025-12-16', 120.88, 'completed');
INSERT INTO bookings (booking_id, customer_id, provider_id, booking_date, service_date, price, status) VALUES (290, 22, 5, '2025-12-28', '2026-01-11', 93.61, 'no_show');
INSERT INTO bookings (booking_id, customer_id, provider_id, booking_date, service_date, price, status) VALUES (291, 34, 3, '2025-12-25', '2026-01-01', 91.68, 'completed');
INSERT INTO bookings (booking_id, customer_id, provider_id, booking_date, service_date, price, status) VALUES (292, 2, 12, '2025-12-24', '2025-12-28', 48.9, 'completed');
INSERT INTO bookings (booking_id, customer_id, provider_id, booking_date, service_date, price, status) VALUES (293, 50, 16, '2025-11-26', '2025-11-29', 69.2, 'completed');
INSERT INTO bookings (booking_id, customer_id, provider_id, booking_date, service_date, price, status) VALUES (294, 11, 4, '2025-11-03', '2025-11-12', 57.85, 'cancelled');
INSERT INTO bookings (booking_id, customer_id, provider_id, booking_date, service_date, price, status) VALUES (295, 34, 2, '2026-01-12', '2026-01-25', 64.79, 'completed');
INSERT INTO bookings (booking_id, customer_id, provider_id, booking_date, service_date, price, status) VALUES (296, 39, 13, '2026-01-05', '2026-01-08', 52.34, 'cancelled');
INSERT INTO bookings (booking_id, customer_id, provider_id, booking_date, service_date, price, status) VALUES (297, 22, 6, '2025-11-16', '2025-11-17', 74.67, 'completed');
INSERT INTO bookings (booking_id, customer_id, provider_id, booking_date, service_date, price, status) VALUES (298, 44, 8, '2025-12-29', '2026-01-08', 88.33, 'completed');
INSERT INTO bookings (booking_id, customer_id, provider_id, booking_date, service_date, price, status) VALUES (299, 48, 15, '2025-11-24', '2025-11-28', 57.87, 'completed');
INSERT INTO bookings (booking_id, customer_id, provider_id, booking_date, service_date, price, status) VALUES (300, 30, 7, '2025-11-15', '2025-11-25', 51.55, 'no_show');
INSERT INTO bookings (booking_id, customer_id, provider_id, booking_date, service_date, price, status) VALUES (301, 30, 10, '2026-01-11', '2026-01-20', 84.47, 'completed');
INSERT INTO bookings (booking_id, customer_id, provider_id, booking_date, service_date, price, status) VALUES (302, 11, 7, '2025-11-13', '2025-11-16', 71.06, 'cancelled');
INSERT INTO bookings (booking_id, customer_id, provider_id, booking_date, service_date, price, status) VALUES (303, 9, 16, '2025-11-08', '2025-11-17', 137.41, 'no_show');
INSERT INTO bookings (booking_id, customer_id, provider_id, booking_date, service_date, price, status) VALUES (304, 34, 4, '2025-10-27', '2025-11-09', 47.83, 'completed');
INSERT INTO bookings (booking_id, customer_id, provider_id, booking_date, service_date, price, status) VALUES (305, 29, 17, '2025-10-29', '2025-11-05', 43.1, 'completed');
INSERT INTO bookings (booking_id, customer_id, provider_id, booking_date, service_date, price, status) VALUES (306, 10, 15, '2025-11-17', '2025-11-18', 93.65, 'completed');
INSERT INTO bookings (booking_id, customer_id, provider_id, booking_date, service_date, price, status) VALUES (307, 26, 17, '2025-12-10', '2025-12-17', 55.57, 'no_show');
INSERT INTO bookings (booking_id, customer_id, provider_id, booking_date, service_date, price, status) VALUES (308, 24, 8, '2025-12-23', '2025-12-25', 36.55, 'cancelled');
INSERT INTO bookings (booking_id, customer_id, provider_id, booking_date, service_date, price, status) VALUES (309, 28, 5, '2026-01-15', '2026-01-20', 51.01, 'no_show');
INSERT INTO bookings (booking_id, customer_id, provider_id, booking_date, service_date, price, status) VALUES (310, 31, 5, '2026-01-07', '2026-01-15', 100.71, 'cancelled');
INSERT INTO bookings (booking_id, customer_id, provider_id, booking_date, service_date, price, status) VALUES (311, 6, 1, '2025-11-01', '2025-11-15', 46.52, 'completed');
INSERT INTO bookings (booking_id, customer_id, provider_id, booking_date, service_date, price, status) VALUES (312, 22, 17, '2025-12-08', '2025-12-21', 58.28, 'completed');
INSERT INTO bookings (booking_id, customer_id, provider_id, booking_date, service_date, price, status) VALUES (313, 20, 4, '2025-12-04', '2025-12-11', 37.15, 'completed');
INSERT INTO bookings (booking_id, customer_id, provider_id, booking_date, service_date, price, status) VALUES (314, 40, 15, '2026-01-19', '2026-02-02', 48.45, 'no_show');
INSERT INTO bookings (booking_id, customer_id, provider_id, booking_date, service_date, price, status) VALUES (315, 22, 18, '2025-12-25', '2026-01-03', 31.15, 'completed');
INSERT INTO bookings (booking_id, customer_id, provider_id, booking_date, service_date, price, status) VALUES (316, 46, 5, '2025-12-19', '2025-12-20', 63.3, 'completed');
INSERT INTO bookings (booking_id, customer_id, provider_id, booking_date, service_date, price, status) VALUES (317, 16, 19, '2025-11-12', '2025-11-23', 67.91, 'completed');
INSERT INTO bookings (booking_id, customer_id, provider_id, booking_date, service_date, price, status) VALUES (318, 34, 12, '2026-01-02', '2026-01-11', 38.05, 'completed');
INSERT INTO bookings (booking_id, customer_id, provider_id, booking_date, service_date, price, status) VALUES (319, 33, 18, '2025-12-31', '2026-01-14', 31.42, 'completed');
INSERT INTO bookings (booking_id, customer_id, provider_id, booking_date, service_date, price, status) VALUES (320, 41, 13, '2025-12-01', '2025-12-06', 118.48, 'cancelled');
INSERT INTO bookings (booking_id, customer_id, provider_id, booking_date, service_date, price, status) VALUES (321, 33, 12, '2025-12-11', '2025-12-22', 45.85, 'completed');
INSERT INTO bookings (booking_id, customer_id, provider_id, booking_date, service_date, price, status) VALUES (322, 50, 19, '2025-12-02', '2025-12-08', 85.44, 'completed');
INSERT INTO bookings (booking_id, customer_id, provider_id, booking_date, service_date, price, status) VALUES (323, 23, 18, '2025-11-17', '2025-11-28', 53.7, 'completed');
INSERT INTO bookings (booking_id, customer_id, provider_id, booking_date, service_date, price, status) VALUES (324, 37, 16, '2025-11-08', '2025-11-21', 113.17, 'completed');
INSERT INTO bookings (booking_id, customer_id, provider_id, booking_date, service_date, price, status) VALUES (325, 30, 2, '2025-12-27', '2025-12-28', 48.2, 'cancelled');
INSERT INTO bookings (booking_id, customer_id, provider_id, booking_date, service_date, price, status) VALUES (326, 3, 11, '2025-12-30', '2026-01-08', 86.34, 'completed');
INSERT INTO bookings (booking_id, customer_id, provider_id, booking_date, service_date, price, status) VALUES (327, 17, 16, '2025-10-25', '2025-11-07', 75.33, 'completed');
INSERT INTO bookings (booking_id, customer_id, provider_id, booking_date, service_date, price, status) VALUES (328, 19, 12, '2026-01-19', '2026-01-20', 73.8, 'cancelled');
INSERT INTO bookings (booking_id, customer_id, provider_id, booking_date, service_date, price, status) VALUES (329, 22, 9, '2026-01-05', '2026-01-11', 38.71, 'completed');
INSERT INTO bookings (booking_id, customer_id, provider_id, booking_date, service_date, price, status) VALUES (330, 5, 15, '2026-01-16', '2026-01-23', 94.21, 'completed');
INSERT INTO bookings (booking_id, customer_id, provider_id, booking_date, service_date, price, status) VALUES (331, 12, 16, '2026-01-07', '2026-01-13', 119.21, 'no_show');
INSERT INTO bookings (booking_id, customer_id, provider_id, booking_date, service_date, price, status) VALUES (332, 6, 14, '2026-01-18', '2026-01-28', 46.31, 'no_show');
INSERT INTO bookings (booking_id, customer_id, provider_id, booking_date, service_date, price, status) VALUES (333, 4, 18, '2025-11-04', '2025-11-06', 50.56, 'completed');
INSERT INTO bookings (booking_id, customer_id, provider_id, booking_date, service_date, price, status) VALUES (334, 43, 10, '2026-01-08', '2026-01-18', 51.45, 'cancelled');
INSERT INTO bookings (booking_id, customer_id, provider_id, booking_date, service_date, price, status) VALUES (335, 11, 15, '2025-12-05', '2025-12-06', 64.34, 'cancelled');
INSERT INTO bookings (booking_id, customer_id, provider_id, booking_date, service_date, price, status) VALUES (336, 39, 20, '2025-11-15', '2025-11-20', 149.82, 'completed');
INSERT INTO bookings (booking_id, customer_id, provider_id, booking_date, service_date, price, status) VALUES (337, 4, 3, '2025-11-11', '2025-11-18', 93.69, 'completed');
INSERT INTO bookings (booking_id, customer_id, provider_id, booking_date, service_date, price, status) VALUES (338, 48, 6, '2026-01-11', '2026-01-14', 87.4, 'cancelled');
INSERT INTO bookings (booking_id, customer_id, provider_id, booking_date, service_date, price, status) VALUES (339, 37, 2, '2025-12-31', '2026-01-04', 40.68, 'cancelled');
INSERT INTO bookings (booking_id, customer_id, provider_id, booking_date, service_date, price, status) VALUES (340, 24, 12, '2025-12-14', '2025-12-24', 52.23, 'completed');
INSERT INTO bookings (booking_id, customer_id, provider_id, booking_date, service_date, price, status) VALUES (341, 10, 15, '2025-12-09', '2025-12-15', 97.19, 'completed');
INSERT INTO bookings (booking_id, customer_id, provider_id, booking_date, service_date, price, status) VALUES (342, 33, 19, '2025-10-29', '2025-11-04', 52.57, 'completed');
INSERT INTO bookings (booking_id, customer_id, provider_id, booking_date, service_date, price, status) VALUES (343, 42, 9, '2025-12-18', '2025-12-20', 47.47, 'completed');
INSERT INTO bookings (booking_id, customer_id, provider_id, booking_date, service_date, price, status) VALUES (344, 12, 16, '2025-11-18', '2025-11-27', 101.77, 'completed');
INSERT INTO bookings (booking_id, customer_id, provider_id, booking_date, service_date, price, status) VALUES (345, 37, 7, '2026-01-22', '2026-01-27', 79.84, 'completed');
INSERT INTO bookings (booking_id, customer_id, provider_id, booking_date, service_date, price, status) VALUES (346, 32, 7, '2026-01-15', '2026-01-29', 40.52, 'completed');
INSERT INTO bookings (booking_id, customer_id, provider_id, booking_date, service_date, price, status) VALUES (347, 12, 15, '2025-11-05', '2025-11-18', 99.85, 'completed');
INSERT INTO bookings (booking_id, customer_id, provider_id, booking_date, service_date, price, status) VALUES (348, 28, 12, '2025-12-08', '2025-12-17', 66.93, 'completed');
INSERT INTO bookings (booking_id, customer_id, provider_id, booking_date, service_date, price, status) VALUES (349, 20, 6, '2025-11-06', '2025-11-18', 74.15, 'completed');
INSERT INTO bookings (booking_id, customer_id, provider_id, booking_date, service_date, price, status) VALUES (350, 24, 17, '2026-01-10', '2026-01-14', 47.33, 'cancelled');
INSERT INTO bookings (booking_id, customer_id, provider_id, booking_date, service_date, price, status) VALUES (351, 10, 16, '2025-12-09', '2025-12-18', 52.63, 'completed');
INSERT INTO bookings (booking_id, customer_id, provider_id, booking_date, service_date, price, status) VALUES (352, 30, 18, '2025-12-28', '2025-12-30', 39.08, 'completed');
INSERT INTO bookings (booking_id, customer_id, provider_id, booking_date, service_date, price, status) VALUES (353, 26, 16, '2025-12-15', '2025-12-28', 102.57, 'completed');
INSERT INTO bookings (booking_id, customer_id, provider_id, booking_date, service_date, price, status) VALUES (354, 6, 11, '2025-12-18', '2025-12-26', 70.33, 'completed');
INSERT INTO bookings (booking_id, customer_id, provider_id, booking_date, service_date, price, status) VALUES (355, 34, 12, '2025-12-21', '2026-01-04', 40.78, 'cancelled');
INSERT INTO bookings (booking_id, customer_id, provider_id, booking_date, service_date, price, status) VALUES (356, 41, 19, '2025-11-24', '2025-11-27', 55.01, 'completed');
INSERT INTO bookings (booking_id, customer_id, provider_id, booking_date, service_date, price, status) VALUES (357, 9, 4, '2026-01-06', '2026-01-11', 58.31, 'completed');
INSERT INTO bookings (booking_id, customer_id, provider_id, booking_date, service_date, price, status) VALUES (358, 21, 8, '2026-01-19', '2026-01-28', 54.03, 'cancelled');
INSERT INTO bookings (booking_id, customer_id, provider_id, booking_date, service_date, price, status) VALUES (359, 6, 9, '2025-12-06', '2025-12-15', 43.74, 'completed');
INSERT INTO bookings (booking_id, customer_id, provider_id, booking_date, service_date, price, status) VALUES (360, 11, 20, '2025-12-23', '2026-01-01', 103.35, 'completed');
INSERT INTO bookings (booking_id, customer_id, provider_id, booking_date, service_date, price, status) VALUES (361, 38, 5, '2026-01-12', '2026-01-22', 53.7, 'cancelled');
INSERT INTO bookings (booking_id, customer_id, provider_id, booking_date, service_date, price, status) VALUES (362, 39, 11, '2026-01-02', '2026-01-12', 81.34, 'completed');
INSERT INTO bookings (booking_id, customer_id, provider_id, booking_date, service_date, price, status) VALUES (363, 15, 3, '2026-01-19', '2026-01-30', 43.64, 'cancelled');
INSERT INTO bookings (booking_id, customer_id, provider_id, booking_date, service_date, price, status) VALUES (364, 17, 7, '2025-12-13', '2025-12-20', 69.51, 'completed');
INSERT INTO bookings (booking_id, customer_id, provider_id, booking_date, service_date, price, status) VALUES (365, 2, 16, '2025-12-05', '2025-12-14', 138.9, 'completed');
INSERT INTO bookings (booking_id, customer_id, provider_id, booking_date, service_date, price, status) VALUES (366, 30, 8, '2026-01-13', '2026-01-24', 79.26, 'completed');
INSERT INTO bookings (booking_id, customer_id, provider_id, booking_date, service_date, price, status) VALUES (367, 30, 3, '2026-01-21', '2026-01-24', 95.09, 'completed');
INSERT INTO bookings (booking_id, customer_id, provider_id, booking_date, service_date, price, status) VALUES (368, 31, 15, '2025-12-17', '2025-12-27', 56.22, 'completed');
INSERT INTO bookings (booking_id, customer_id, provider_id, booking_date, service_date, price, status) VALUES (369, 28, 12, '2025-12-07', '2025-12-10', 78.89, 'cancelled');
INSERT INTO bookings (booking_id, customer_id, provider_id, booking_date, service_date, price, status) VALUES (370, 33, 18, '2026-01-20', '2026-01-24', 37.43, 'completed');
INSERT INTO bookings (booking_id, customer_id, provider_id, booking_date, service_date, price, status) VALUES (371, 18, 15, '2025-11-09', '2025-11-11', 58.64, 'completed');
INSERT INTO bookings (booking_id, customer_id, provider_id, booking_date, service_date, price, status) VALUES (372, 5, 20, '2026-01-05', '2026-01-19', 91.81, 'no_show');
INSERT INTO bookings (booking_id, customer_id, provider_id, booking_date, service_date, price, status) VALUES (373, 21, 19, '2026-01-16', '2026-01-20', 84.66, 'cancelled');
INSERT INTO bookings (booking_id, customer_id, provider_id, booking_date, service_date, price, status) VALUES (374, 32, 17, '2025-12-10', '2025-12-15', 60.67, 'completed');
INSERT INTO bookings (booking_id, customer_id, provider_id, booking_date, service_date, price, status) VALUES (375, 33, 13, '2025-12-07', '2025-12-11', 80.44, 'completed');
INSERT INTO bookings (booking_id, customer_id, provider_id, booking_date, service_date, price, status) VALUES (376, 23, 2, '2025-11-19', '2025-11-27', 37.27, 'completed');
INSERT INTO bookings (booking_id, customer_id, provider_id, booking_date, service_date, price, status) VALUES (377, 42, 16, '2026-01-05', '2026-01-06', 78.57, 'cancelled');
INSERT INTO bookings (booking_id, customer_id, provider_id, booking_date, service_date, price, status) VALUES (378, 25, 5, '2025-11-18', '2025-11-30', 110.6, 'completed');
INSERT INTO bookings (booking_id, customer_id, provider_id, booking_date, service_date, price, status) VALUES (379, 3, 13, '2026-01-14', '2026-01-23', 44.09, 'completed');
INSERT INTO bookings (booking_id, customer_id, provider_id, booking_date, service_date, price, status) VALUES (380, 36, 10, '2025-12-25', '2026-01-03', 35.15, 'completed');
INSERT INTO bookings (booking_id, customer_id, provider_id, booking_date, service_date, price, status) VALUES (381, 17, 9, '2025-11-20', '2025-11-30', 87.77, 'completed');
INSERT INTO bookings (booking_id, customer_id, provider_id, booking_date, service_date, price, status) VALUES (382, 8, 5, '2026-01-07', '2026-01-14', 118.01, 'completed');
INSERT INTO bookings (booking_id, customer_id, provider_id, booking_date, service_date, price, status) VALUES (383, 36, 12, '2026-01-08', '2026-01-12', 68.97, 'completed');
INSERT INTO bookings (booking_id, customer_id, provider_id, booking_date, service_date, price, status) VALUES (384, 5, 17, '2025-12-14', '2025-12-15', 37.21, 'completed');
INSERT INTO bookings (booking_id, customer_id, provider_id, booking_date, service_date, price, status) VALUES (385, 22, 16, '2025-12-11', '2025-12-14', 101.93, 'completed');
INSERT INTO bookings (booking_id, customer_id, provider_id, booking_date, service_date, price, status) VALUES (386, 21, 20, '2025-12-24', '2025-12-31', 81.85, 'no_show');
INSERT INTO bookings (booking_id, customer_id, provider_id, booking_date, service_date, price, status) VALUES (387, 11, 19, '2025-11-17', '2025-12-01', 63.5, 'completed');
INSERT INTO bookings (booking_id, customer_id, provider_id, booking_date, service_date, price, status) VALUES (388, 32, 19, '2025-11-20', '2025-12-04', 61.49, 'completed');
INSERT INTO bookings (booking_id, customer_id, provider_id, booking_date, service_date, price, status) VALUES (389, 22, 4, '2025-12-06', '2025-12-16', 79.1, 'completed');
INSERT INTO bookings (booking_id, customer_id, provider_id, booking_date, service_date, price, status) VALUES (390, 15, 20, '2025-11-01', '2025-11-12', 97.46, 'cancelled');
INSERT INTO bookings (booking_id, customer_id, provider_id, booking_date, service_date, price, status) VALUES (391, 50, 19, '2026-01-02', '2026-01-14', 76.77, 'completed');
INSERT INTO bookings (booking_id, customer_id, provider_id, booking_date, service_date, price, status) VALUES (392, 31, 6, '2025-11-21', '2025-12-03', 63.83, 'completed');
INSERT INTO bookings (booking_id, customer_id, provider_id, booking_date, service_date, price, status) VALUES (393, 5, 5, '2025-11-16', '2025-11-20', 105.73, 'completed');
INSERT INTO bookings (booking_id, customer_id, provider_id, booking_date, service_date, price, status) VALUES (394, 8, 7, '2025-11-20', '2025-11-26', 35.85, 'completed');
INSERT INTO bookings (booking_id, customer_id, provider_id, booking_date, service_date, price, status) VALUES (395, 27, 7, '2025-11-26', '2025-12-09', 53.47, 'completed');
INSERT INTO bookings (booking_id, customer_id, provider_id, booking_date, service_date, price, status) VALUES (396, 30, 2, '2025-11-25', '2025-12-04', 66.76, 'completed');
INSERT INTO bookings (booking_id, customer_id, provider_id, booking_date, service_date, price, status) VALUES (397, 21, 16, '2026-01-19', '2026-01-25', 102.55, 'no_show');
INSERT INTO bookings (booking_id, customer_id, provider_id, booking_date, service_date, price, status) VALUES (398, 35, 11, '2025-12-16', '2025-12-27', 65.05, 'cancelled');
INSERT INTO bookings (booking_id, customer_id, provider_id, booking_date, service_date, price, status) VALUES (399, 41, 20, '2025-11-01', '2025-11-05', 98.42, 'completed');
INSERT INTO bookings (booking_id, customer_id, provider_id, booking_date, service_date, price, status) VALUES (400, 20, 8, '2025-11-07', '2025-11-12', 86.78, 'cancelled');

-- Insert Payments
INSERT INTO payments (payment_id, booking_id, amount, payment_status, payment_date) VALUES (1, 1, 32.84, 'refunded', '2025-12-04');
INSERT INTO payments (payment_id, booking_id, amount, payment_status, payment_date) VALUES (2, 2, 41.14, 'successful', '2025-12-17');
INSERT INTO payments (payment_id, booking_id, amount, payment_status, payment_date) VALUES (3, 3, 98.03, 'successful', '2025-12-08');
INSERT INTO payments (payment_id, booking_id, amount, payment_status, payment_date) VALUES (4, 4, 88.92, 'successful', '2026-01-16');
INSERT INTO payments (payment_id, booking_id, amount, payment_status, payment_date) VALUES (5, 5, 0.0, 'failed', '2025-11-10');
INSERT INTO payments (payment_id, booking_id, amount, payment_status, payment_date) VALUES (6, 6, 61.95, 'successful', '2025-11-04');
INSERT INTO payments (payment_id, booking_id, amount, payment_status, payment_date) VALUES (7, 7, 0.0, 'failed', '2025-12-13');
INSERT INTO payments (payment_id, booking_id, amount, payment_status, payment_date) VALUES (8, 8, 98.55, 'successful', '2026-01-08');
INSERT INTO payments (payment_id, booking_id, amount, payment_status, payment_date) VALUES (9, 9, 0.0, 'failed', '2025-12-26');
INSERT INTO payments (payment_id, booking_id, amount, payment_status, payment_date) VALUES (10, 10, 66.94, 'successful', '2025-11-14');
INSERT INTO payments (payment_id, booking_id, amount, payment_status, payment_date) VALUES (11, 11, 82.87, 'successful', '2025-11-15');
INSERT INTO payments (payment_id, booking_id, amount, payment_status, payment_date) VALUES (12, 12, 119.61, 'successful', '2025-12-28');
INSERT INTO payments (payment_id, booking_id, amount, payment_status, payment_date) VALUES (13, 13, 46.16, 'successful', '2025-11-18');
INSERT INTO payments (payment_id, booking_id, amount, payment_status, payment_date) VALUES (14, 14, 46.11, 'successful', '2025-12-17');
INSERT INTO payments (payment_id, booking_id, amount, payment_status, payment_date) VALUES (15, 15, 0.0, 'failed', '2025-11-21');
INSERT INTO payments (payment_id, booking_id, amount, payment_status, payment_date) VALUES (16, 16, 48.09, 'successful', '2025-11-19');
INSERT INTO payments (payment_id, booking_id, amount, payment_status, payment_date) VALUES (17, 17, 97.87, 'successful', '2025-12-07');
INSERT INTO payments (payment_id, booking_id, amount, payment_status, payment_date) VALUES (18, 18, 130.75, 'successful', '2026-01-24');
INSERT INTO payments (payment_id, booking_id, amount, payment_status, payment_date) VALUES (19, 19, 0.0, 'failed', '2025-11-14');
INSERT INTO payments (payment_id, booking_id, amount, payment_status, payment_date) VALUES (20, 20, 37.73, 'successful', '2026-02-01');
INSERT INTO payments (payment_id, booking_id, amount, payment_status, payment_date) VALUES (21, 21, 45.54, 'successful', '2025-11-26');
INSERT INTO payments (payment_id, booking_id, amount, payment_status, payment_date) VALUES (22, 22, 0.0, 'failed', '2025-12-04');
INSERT INTO payments (payment_id, booking_id, amount, payment_status, payment_date) VALUES (23, 23, 89.44, 'successful', '2025-12-06');
INSERT INTO payments (payment_id, booking_id, amount, payment_status, payment_date) VALUES (24, 24, 0.0, 'failed', '2025-11-11');
INSERT INTO payments (payment_id, booking_id, amount, payment_status, payment_date) VALUES (25, 25, 0.0, 'failed', '2025-12-14');
INSERT INTO payments (payment_id, booking_id, amount, payment_status, payment_date) VALUES (26, 26, 0.0, 'failed', '2026-01-14');
INSERT INTO payments (payment_id, booking_id, amount, payment_status, payment_date) VALUES (27, 27, 0.0, 'failed', '2025-12-29');
INSERT INTO payments (payment_id, booking_id, amount, payment_status, payment_date) VALUES (28, 28, 0.0, 'failed', '2026-01-08');
INSERT INTO payments (payment_id, booking_id, amount, payment_status, payment_date) VALUES (29, 29, 0.0, 'failed', '2025-11-25');
INSERT INTO payments (payment_id, booking_id, amount, payment_status, payment_date) VALUES (30, 30, 0.0, 'failed', '2026-01-01');
INSERT INTO payments (payment_id, booking_id, amount, payment_status, payment_date) VALUES (31, 31, 38.13, 'successful', '2026-01-21');
INSERT INTO payments (payment_id, booking_id, amount, payment_status, payment_date) VALUES (32, 32, 43.8, 'refunded', '2026-01-09');
INSERT INTO payments (payment_id, booking_id, amount, payment_status, payment_date) VALUES (33, 33, 77.37, 'successful', '2025-12-25');
INSERT INTO payments (payment_id, booking_id, amount, payment_status, payment_date) VALUES (34, 34, 62.87, 'successful', '2025-11-01');
INSERT INTO payments (payment_id, booking_id, amount, payment_status, payment_date) VALUES (35, 35, 52.4, 'successful', '2026-01-04');
INSERT INTO payments (payment_id, booking_id, amount, payment_status, payment_date) VALUES (36, 36, 0.0, 'failed', '2026-01-15');
INSERT INTO payments (payment_id, booking_id, amount, payment_status, payment_date) VALUES (37, 37, 0.0, 'failed', '2025-12-30');
INSERT INTO payments (payment_id, booking_id, amount, payment_status, payment_date) VALUES (38, 38, 0.0, 'failed', '2025-12-04');
INSERT INTO payments (payment_id, booking_id, amount, payment_status, payment_date) VALUES (39, 39, 0.0, 'failed', '2026-01-02');
INSERT INTO payments (payment_id, booking_id, amount, payment_status, payment_date) VALUES (40, 40, 110.34, 'refunded', '2025-11-10');
INSERT INTO payments (payment_id, booking_id, amount, payment_status, payment_date) VALUES (41, 41, 72.82, 'successful', '2026-02-01');
INSERT INTO payments (payment_id, booking_id, amount, payment_status, payment_date) VALUES (42, 42, 0.0, 'failed', '2025-11-18');
INSERT INTO payments (payment_id, booking_id, amount, payment_status, payment_date) VALUES (43, 43, 0.0, 'failed', '2025-11-22');
INSERT INTO payments (payment_id, booking_id, amount, payment_status, payment_date) VALUES (44, 44, 24.86, 'refunded', '2025-11-09');
INSERT INTO payments (payment_id, booking_id, amount, payment_status, payment_date) VALUES (45, 45, 0.0, 'failed', '2026-01-26');
INSERT INTO payments (payment_id, booking_id, amount, payment_status, payment_date) VALUES (46, 46, 0.0, 'failed', '2025-11-18');
INSERT INTO payments (payment_id, booking_id, amount, payment_status, payment_date) VALUES (47, 47, 0.0, 'failed', '2026-01-17');
INSERT INTO payments (payment_id, booking_id, amount, payment_status, payment_date) VALUES (48, 48, 75.34, 'successful', '2025-12-25');
INSERT INTO payments (payment_id, booking_id, amount, payment_status, payment_date) VALUES (49, 49, 0.0, 'failed', '2025-11-23');
INSERT INTO payments (payment_id, booking_id, amount, payment_status, payment_date) VALUES (50, 50, 75.39, 'successful', '2025-11-29');
INSERT INTO payments (payment_id, booking_id, amount, payment_status, payment_date) VALUES (51, 51, 0.0, 'failed', '2025-12-04');
INSERT INTO payments (payment_id, booking_id, amount, payment_status, payment_date) VALUES (52, 52, 44.45, 'successful', '2025-12-28');
INSERT INTO payments (payment_id, booking_id, amount, payment_status, payment_date) VALUES (53, 53, 0.0, 'failed', '2025-11-21');
INSERT INTO payments (payment_id, booking_id, amount, payment_status, payment_date) VALUES (54, 54, 0.0, 'failed', '2026-01-15');
INSERT INTO payments (payment_id, booking_id, amount, payment_status, payment_date) VALUES (55, 55, 0.0, 'failed', '2025-12-05');
INSERT INTO payments (payment_id, booking_id, amount, payment_status, payment_date) VALUES (56, 56, 0.0, 'failed', '2025-11-27');
INSERT INTO payments (payment_id, booking_id, amount, payment_status, payment_date) VALUES (57, 57, 73.64, 'successful', '2026-01-03');
INSERT INTO payments (payment_id, booking_id, amount, payment_status, payment_date) VALUES (58, 58, 0.0, 'failed', '2026-01-08');
INSERT INTO payments (payment_id, booking_id, amount, payment_status, payment_date) VALUES (59, 59, 64.7, 'successful', '2026-01-22');
INSERT INTO payments (payment_id, booking_id, amount, payment_status, payment_date) VALUES (60, 60, 54.58, 'successful', '2025-11-30');
INSERT INTO payments (payment_id, booking_id, amount, payment_status, payment_date) VALUES (61, 61, 0.0, 'failed', '2025-12-16');
INSERT INTO payments (payment_id, booking_id, amount, payment_status, payment_date) VALUES (62, 62, 66.93, 'successful', '2025-12-16');
INSERT INTO payments (payment_id, booking_id, amount, payment_status, payment_date) VALUES (63, 63, 67.65, 'successful', '2025-12-01');
INSERT INTO payments (payment_id, booking_id, amount, payment_status, payment_date) VALUES (64, 64, 41.36, 'successful', '2026-01-30');
INSERT INTO payments (payment_id, booking_id, amount, payment_status, payment_date) VALUES (65, 65, 40.14, 'successful', '2026-02-03');
INSERT INTO payments (payment_id, booking_id, amount, payment_status, payment_date) VALUES (66, 66, 0.0, 'failed', '2026-01-27');
INSERT INTO payments (payment_id, booking_id, amount, payment_status, payment_date) VALUES (67, 67, 0.0, 'failed', '2025-10-31');
INSERT INTO payments (payment_id, booking_id, amount, payment_status, payment_date) VALUES (68, 68, 0.0, 'failed', '2025-11-10');
INSERT INTO payments (payment_id, booking_id, amount, payment_status, payment_date) VALUES (69, 69, 38.91, 'successful', '2026-01-02');
INSERT INTO payments (payment_id, booking_id, amount, payment_status, payment_date) VALUES (70, 70, 68.85, 'successful', '2025-12-12');
INSERT INTO payments (payment_id, booking_id, amount, payment_status, payment_date) VALUES (71, 71, 0.0, 'failed', '2026-01-22');
INSERT INTO payments (payment_id, booking_id, amount, payment_status, payment_date) VALUES (72, 72, 60.57, 'successful', '2025-11-28');
INSERT INTO payments (payment_id, booking_id, amount, payment_status, payment_date) VALUES (73, 73, 0.0, 'failed', '2025-11-11');
INSERT INTO payments (payment_id, booking_id, amount, payment_status, payment_date) VALUES (74, 74, 71.51, 'successful', '2025-11-04');
INSERT INTO payments (payment_id, booking_id, amount, payment_status, payment_date) VALUES (75, 75, 0.0, 'failed', '2025-12-02');
INSERT INTO payments (payment_id, booking_id, amount, payment_status, payment_date) VALUES (76, 76, 0.0, 'failed', '2026-01-19');
INSERT INTO payments (payment_id, booking_id, amount, payment_status, payment_date) VALUES (77, 77, 67.79, 'successful', '2025-11-19');
INSERT INTO payments (payment_id, booking_id, amount, payment_status, payment_date) VALUES (78, 78, 89.97, 'successful', '2025-12-29');
INSERT INTO payments (payment_id, booking_id, amount, payment_status, payment_date) VALUES (79, 79, 70.03, 'successful', '2025-11-23');
INSERT INTO payments (payment_id, booking_id, amount, payment_status, payment_date) VALUES (80, 80, 60.55, 'successful', '2025-11-18');
INSERT INTO payments (payment_id, booking_id, amount, payment_status, payment_date) VALUES (81, 81, 52.33, 'successful', '2026-01-13');
INSERT INTO payments (payment_id, booking_id, amount, payment_status, payment_date) VALUES (82, 82, 0.0, 'failed', '2025-12-21');
INSERT INTO payments (payment_id, booking_id, amount, payment_status, payment_date) VALUES (83, 83, 58.47, 'successful', '2025-12-28');
INSERT INTO payments (payment_id, booking_id, amount, payment_status, payment_date) VALUES (84, 84, 95.01, 'successful', '2026-01-15');
INSERT INTO payments (payment_id, booking_id, amount, payment_status, payment_date) VALUES (85, 85, 83.61, 'successful', '2025-12-16');
INSERT INTO payments (payment_id, booking_id, amount, payment_status, payment_date) VALUES (86, 86, 60.79, 'successful', '2025-12-30');
INSERT INTO payments (payment_id, booking_id, amount, payment_status, payment_date) VALUES (87, 87, 52.58, 'successful', '2025-11-05');
INSERT INTO payments (payment_id, booking_id, amount, payment_status, payment_date) VALUES (88, 88, 0.0, 'failed', '2025-11-07');
INSERT INTO payments (payment_id, booking_id, amount, payment_status, payment_date) VALUES (89, 89, 72.61, 'successful', '2025-11-12');
INSERT INTO payments (payment_id, booking_id, amount, payment_status, payment_date) VALUES (90, 90, 0.0, 'failed', '2026-01-25');
INSERT INTO payments (payment_id, booking_id, amount, payment_status, payment_date) VALUES (91, 91, 73.55, 'successful', '2026-01-15');
INSERT INTO payments (payment_id, booking_id, amount, payment_status, payment_date) VALUES (92, 92, 0.0, 'failed', '2026-01-27');
INSERT INTO payments (payment_id, booking_id, amount, payment_status, payment_date) VALUES (93, 93, 0.0, 'failed', '2025-11-17');
INSERT INTO payments (payment_id, booking_id, amount, payment_status, payment_date) VALUES (94, 94, 71.94, 'successful', '2025-12-23');
INSERT INTO payments (payment_id, booking_id, amount, payment_status, payment_date) VALUES (95, 95, 71.79, 'successful', '2025-11-12');
INSERT INTO payments (payment_id, booking_id, amount, payment_status, payment_date) VALUES (96, 96, 95.57, 'successful', '2026-01-26');
INSERT INTO payments (payment_id, booking_id, amount, payment_status, payment_date) VALUES (97, 97, 76.04, 'successful', '2025-12-02');
INSERT INTO payments (payment_id, booking_id, amount, payment_status, payment_date) VALUES (98, 98, 109.35, 'successful', '2025-12-25');
INSERT INTO payments (payment_id, booking_id, amount, payment_status, payment_date) VALUES (99, 99, 0.0, 'failed', '2025-12-30');
INSERT INTO payments (payment_id, booking_id, amount, payment_status, payment_date) VALUES (100, 100, 60.18, 'successful', '2025-11-12');
INSERT INTO payments (payment_id, booking_id, amount, payment_status, payment_date) VALUES (101, 101, 33.65, 'successful', '2025-12-13');
INSERT INTO payments (payment_id, booking_id, amount, payment_status, payment_date) VALUES (102, 102, 68.94, 'successful', '2025-11-11');
INSERT INTO payments (payment_id, booking_id, amount, payment_status, payment_date) VALUES (103, 103, 65.24, 'successful', '2025-11-02');
INSERT INTO payments (payment_id, booking_id, amount, payment_status, payment_date) VALUES (104, 104, 97.13, 'successful', '2025-12-02');
INSERT INTO payments (payment_id, booking_id, amount, payment_status, payment_date) VALUES (105, 105, 0.0, 'failed', '2025-12-11');
INSERT INTO payments (payment_id, booking_id, amount, payment_status, payment_date) VALUES (106, 106, 88.06, 'successful', '2026-01-24');
INSERT INTO payments (payment_id, booking_id, amount, payment_status, payment_date) VALUES (107, 107, 82.25, 'successful', '2026-01-18');
INSERT INTO payments (payment_id, booking_id, amount, payment_status, payment_date) VALUES (108, 108, 87.37, 'successful', '2026-01-30');
INSERT INTO payments (payment_id, booking_id, amount, payment_status, payment_date) VALUES (109, 109, 0.0, 'failed', '2025-11-07');
INSERT INTO payments (payment_id, booking_id, amount, payment_status, payment_date) VALUES (110, 110, 50.62, 'refunded', '2026-01-27');
INSERT INTO payments (payment_id, booking_id, amount, payment_status, payment_date) VALUES (111, 111, 35.3, 'refunded', '2025-11-30');
INSERT INTO payments (payment_id, booking_id, amount, payment_status, payment_date) VALUES (112, 112, 54.51, 'successful', '2025-11-21');
INSERT INTO payments (payment_id, booking_id, amount, payment_status, payment_date) VALUES (113, 113, 74.84, 'successful', '2026-01-11');
INSERT INTO payments (payment_id, booking_id, amount, payment_status, payment_date) VALUES (114, 114, 0.0, 'failed', '2025-11-29');
INSERT INTO payments (payment_id, booking_id, amount, payment_status, payment_date) VALUES (115, 115, 59.76, 'successful', '2026-01-12');
INSERT INTO payments (payment_id, booking_id, amount, payment_status, payment_date) VALUES (116, 116, 0.0, 'failed', '2025-11-08');
INSERT INTO payments (payment_id, booking_id, amount, payment_status, payment_date) VALUES (117, 117, 116.82, 'successful', '2025-12-05');
INSERT INTO payments (payment_id, booking_id, amount, payment_status, payment_date) VALUES (118, 118, 0.0, 'failed', '2026-01-23');
INSERT INTO payments (payment_id, booking_id, amount, payment_status, payment_date) VALUES (119, 119, 120.12, 'successful', '2025-12-25');
INSERT INTO payments (payment_id, booking_id, amount, payment_status, payment_date) VALUES (120, 120, 59.31, 'successful', '2026-01-26');
INSERT INTO payments (payment_id, booking_id, amount, payment_status, payment_date) VALUES (121, 121, 0.0, 'failed', '2026-01-30');
INSERT INTO payments (payment_id, booking_id, amount, payment_status, payment_date) VALUES (122, 122, 39.19, 'successful', '2025-12-07');
INSERT INTO payments (payment_id, booking_id, amount, payment_status, payment_date) VALUES (123, 123, 76.48, 'successful', '2025-12-30');
INSERT INTO payments (payment_id, booking_id, amount, payment_status, payment_date) VALUES (124, 124, 0.0, 'failed', '2026-01-17');
INSERT INTO payments (payment_id, booking_id, amount, payment_status, payment_date) VALUES (125, 125, 59.9, 'successful', '2025-11-15');
INSERT INTO payments (payment_id, booking_id, amount, payment_status, payment_date) VALUES (126, 126, 0.0, 'failed', '2026-02-02');
INSERT INTO payments (payment_id, booking_id, amount, payment_status, payment_date) VALUES (127, 127, 45.53, 'successful', '2025-11-29');
INSERT INTO payments (payment_id, booking_id, amount, payment_status, payment_date) VALUES (128, 128, 98.71, 'successful', '2026-01-25');
INSERT INTO payments (payment_id, booking_id, amount, payment_status, payment_date) VALUES (129, 129, 48.33, 'successful', '2025-11-16');
INSERT INTO payments (payment_id, booking_id, amount, payment_status, payment_date) VALUES (130, 130, 0.0, 'failed', '2026-01-11');
INSERT INTO payments (payment_id, booking_id, amount, payment_status, payment_date) VALUES (131, 131, 78.82, 'successful', '2026-01-16');
INSERT INTO payments (payment_id, booking_id, amount, payment_status, payment_date) VALUES (132, 132, 74.27, 'successful', '2025-11-21');
INSERT INTO payments (payment_id, booking_id, amount, payment_status, payment_date) VALUES (133, 133, 63.74, 'successful', '2026-01-20');
INSERT INTO payments (payment_id, booking_id, amount, payment_status, payment_date) VALUES (134, 134, 72.0, 'successful', '2025-12-11');
INSERT INTO payments (payment_id, booking_id, amount, payment_status, payment_date) VALUES (135, 135, 41.83, 'successful', '2025-11-09');
INSERT INTO payments (payment_id, booking_id, amount, payment_status, payment_date) VALUES (136, 136, 119.51, 'successful', '2025-11-13');
INSERT INTO payments (payment_id, booking_id, amount, payment_status, payment_date) VALUES (137, 137, 72.57, 'successful', '2026-01-15');
INSERT INTO payments (payment_id, booking_id, amount, payment_status, payment_date) VALUES (138, 138, 90.21, 'successful', '2026-01-29');
INSERT INTO payments (payment_id, booking_id, amount, payment_status, payment_date) VALUES (139, 139, 62.43, 'successful', '2025-12-08');
INSERT INTO payments (payment_id, booking_id, amount, payment_status, payment_date) VALUES (140, 140, 63.15, 'successful', '2026-01-13');
INSERT INTO payments (payment_id, booking_id, amount, payment_status, payment_date) VALUES (141, 141, 44.56, 'successful', '2025-12-05');
INSERT INTO payments (payment_id, booking_id, amount, payment_status, payment_date) VALUES (142, 142, 82.92, 'successful', '2026-01-19');
INSERT INTO payments (payment_id, booking_id, amount, payment_status, payment_date) VALUES (143, 143, 0.0, 'failed', '2026-01-12');
INSERT INTO payments (payment_id, booking_id, amount, payment_status, payment_date) VALUES (144, 144, 0.0, 'failed', '2026-01-31');
INSERT INTO payments (payment_id, booking_id, amount, payment_status, payment_date) VALUES (145, 145, 54.13, 'successful', '2026-01-15');
INSERT INTO payments (payment_id, booking_id, amount, payment_status, payment_date) VALUES (146, 146, 87.86, 'successful', '2026-01-13');
INSERT INTO payments (payment_id, booking_id, amount, payment_status, payment_date) VALUES (147, 147, 0.0, 'failed', '2025-11-28');
INSERT INTO payments (payment_id, booking_id, amount, payment_status, payment_date) VALUES (148, 148, 78.98, 'successful', '2025-11-26');
INSERT INTO payments (payment_id, booking_id, amount, payment_status, payment_date) VALUES (149, 149, 0.0, 'failed', '2025-11-11');
INSERT INTO payments (payment_id, booking_id, amount, payment_status, payment_date) VALUES (150, 150, 75.04, 'successful', '2026-01-11');
INSERT INTO payments (payment_id, booking_id, amount, payment_status, payment_date) VALUES (151, 151, 0.0, 'failed', '2026-01-04');
INSERT INTO payments (payment_id, booking_id, amount, payment_status, payment_date) VALUES (152, 152, 0.0, 'failed', '2025-11-19');
INSERT INTO payments (payment_id, booking_id, amount, payment_status, payment_date) VALUES (153, 153, 70.83, 'successful', '2025-12-08');
INSERT INTO payments (payment_id, booking_id, amount, payment_status, payment_date) VALUES (154, 154, 0.0, 'failed', '2026-01-27');
INSERT INTO payments (payment_id, booking_id, amount, payment_status, payment_date) VALUES (155, 155, 53.38, 'successful', '2025-11-04');
INSERT INTO payments (payment_id, booking_id, amount, payment_status, payment_date) VALUES (156, 156, 0.0, 'failed', '2026-01-25');
INSERT INTO payments (payment_id, booking_id, amount, payment_status, payment_date) VALUES (157, 157, 32.57, 'successful', '2025-12-13');
INSERT INTO payments (payment_id, booking_id, amount, payment_status, payment_date) VALUES (158, 158, 0.0, 'failed', '2025-11-24');
INSERT INTO payments (payment_id, booking_id, amount, payment_status, payment_date) VALUES (159, 159, 62.34, 'successful', '2025-11-15');
INSERT INTO payments (payment_id, booking_id, amount, payment_status, payment_date) VALUES (160, 160, 0.0, 'failed', '2026-01-24');
INSERT INTO payments (payment_id, booking_id, amount, payment_status, payment_date) VALUES (161, 161, 39.17, 'successful', '2026-01-29');
INSERT INTO payments (payment_id, booking_id, amount, payment_status, payment_date) VALUES (162, 162, 36.3, 'successful', '2025-12-19');
INSERT INTO payments (payment_id, booking_id, amount, payment_status, payment_date) VALUES (163, 163, 52.09, 'successful', '2025-11-30');
INSERT INTO payments (payment_id, booking_id, amount, payment_status, payment_date) VALUES (164, 164, 0.0, 'failed', '2025-11-26');
INSERT INTO payments (payment_id, booking_id, amount, payment_status, payment_date) VALUES (165, 165, 79.87, 'successful', '2026-01-26');
INSERT INTO payments (payment_id, booking_id, amount, payment_status, payment_date) VALUES (166, 166, 0.0, 'failed', '2026-01-19');
INSERT INTO payments (payment_id, booking_id, amount, payment_status, payment_date) VALUES (167, 167, 75.32, 'successful', '2026-01-26');
INSERT INTO payments (payment_id, booking_id, amount, payment_status, payment_date) VALUES (168, 168, 38.02, 'refunded', '2025-11-20');
INSERT INTO payments (payment_id, booking_id, amount, payment_status, payment_date) VALUES (169, 169, 67.19, 'successful', '2025-11-28');
INSERT INTO payments (payment_id, booking_id, amount, payment_status, payment_date) VALUES (170, 170, 0.0, 'failed', '2025-11-10');
INSERT INTO payments (payment_id, booking_id, amount, payment_status, payment_date) VALUES (171, 171, 75.72, 'successful', '2026-01-06');
INSERT INTO payments (payment_id, booking_id, amount, payment_status, payment_date) VALUES (172, 172, 0.0, 'failed', '2025-11-20');
INSERT INTO payments (payment_id, booking_id, amount, payment_status, payment_date) VALUES (173, 173, 33.23, 'refunded', '2025-12-06');
INSERT INTO payments (payment_id, booking_id, amount, payment_status, payment_date) VALUES (174, 174, 0.0, 'failed', '2025-12-05');
INSERT INTO payments (payment_id, booking_id, amount, payment_status, payment_date) VALUES (175, 175, 0.0, 'failed', '2025-12-04');
INSERT INTO payments (payment_id, booking_id, amount, payment_status, payment_date) VALUES (176, 176, 40.68, 'successful', '2026-01-26');
INSERT INTO payments (payment_id, booking_id, amount, payment_status, payment_date) VALUES (177, 177, 50.48, 'successful', '2025-11-10');
INSERT INTO payments (payment_id, booking_id, amount, payment_status, payment_date) VALUES (178, 178, 109.67, 'successful', '2026-01-13');
INSERT INTO payments (payment_id, booking_id, amount, payment_status, payment_date) VALUES (179, 179, 69.28, 'successful', '2025-11-28');
INSERT INTO payments (payment_id, booking_id, amount, payment_status, payment_date) VALUES (180, 180, 56.6, 'successful', '2025-12-05');
INSERT INTO payments (payment_id, booking_id, amount, payment_status, payment_date) VALUES (181, 181, 137.24, 'successful', '2025-12-27');
INSERT INTO payments (payment_id, booking_id, amount, payment_status, payment_date) VALUES (182, 182, 0.0, 'failed', '2025-12-25');
INSERT INTO payments (payment_id, booking_id, amount, payment_status, payment_date) VALUES (183, 183, 54.97, 'successful', '2025-12-14');
INSERT INTO payments (payment_id, booking_id, amount, payment_status, payment_date) VALUES (184, 184, 0.0, 'failed', '2025-12-31');
INSERT INTO payments (payment_id, booking_id, amount, payment_status, payment_date) VALUES (185, 185, 51.65, 'successful', '2026-01-25');
INSERT INTO payments (payment_id, booking_id, amount, payment_status, payment_date) VALUES (186, 186, 0.0, 'failed', '2025-12-26');
INSERT INTO payments (payment_id, booking_id, amount, payment_status, payment_date) VALUES (187, 187, 62.37, 'successful', '2025-12-06');
INSERT INTO payments (payment_id, booking_id, amount, payment_status, payment_date) VALUES (188, 188, 62.17, 'successful', '2025-11-08');
INSERT INTO payments (payment_id, booking_id, amount, payment_status, payment_date) VALUES (189, 189, 77.43, 'successful', '2025-11-10');
INSERT INTO payments (payment_id, booking_id, amount, payment_status, payment_date) VALUES (190, 190, 61.45, 'successful', '2026-01-26');
INSERT INTO payments (payment_id, booking_id, amount, payment_status, payment_date) VALUES (191, 191, 0.0, 'failed', '2025-11-28');
INSERT INTO payments (payment_id, booking_id, amount, payment_status, payment_date) VALUES (192, 192, 55.98, 'successful', '2025-11-18');
INSERT INTO payments (payment_id, booking_id, amount, payment_status, payment_date) VALUES (193, 193, 31.54, 'successful', '2026-01-05');
INSERT INTO payments (payment_id, booking_id, amount, payment_status, payment_date) VALUES (194, 194, 0.0, 'failed', '2025-12-01');
INSERT INTO payments (payment_id, booking_id, amount, payment_status, payment_date) VALUES (195, 195, 0.0, 'failed', '2025-11-12');
INSERT INTO payments (payment_id, booking_id, amount, payment_status, payment_date) VALUES (196, 196, 130.19, 'successful', '2025-11-09');
INSERT INTO payments (payment_id, booking_id, amount, payment_status, payment_date) VALUES (197, 197, 90.26, 'successful', '2026-01-03');
INSERT INTO payments (payment_id, booking_id, amount, payment_status, payment_date) VALUES (198, 198, 23.42, 'refunded', '2025-12-14');
INSERT INTO payments (payment_id, booking_id, amount, payment_status, payment_date) VALUES (199, 199, 52.87, 'successful', '2025-12-05');
INSERT INTO payments (payment_id, booking_id, amount, payment_status, payment_date) VALUES (200, 200, 91.35, 'successful', '2026-01-11');
INSERT INTO payments (payment_id, booking_id, amount, payment_status, payment_date) VALUES (201, 201, 0.0, 'failed', '2026-01-24');
INSERT INTO payments (payment_id, booking_id, amount, payment_status, payment_date) VALUES (202, 202, 0.0, 'failed', '2025-12-03');
INSERT INTO payments (payment_id, booking_id, amount, payment_status, payment_date) VALUES (203, 203, 82.31, 'successful', '2025-12-18');
INSERT INTO payments (payment_id, booking_id, amount, payment_status, payment_date) VALUES (204, 204, 55.6, 'successful', '2026-01-04');
INSERT INTO payments (payment_id, booking_id, amount, payment_status, payment_date) VALUES (205, 205, 38.65, 'successful', '2025-12-19');
INSERT INTO payments (payment_id, booking_id, amount, payment_status, payment_date) VALUES (206, 206, 0.0, 'failed', '2025-11-21');
INSERT INTO payments (payment_id, booking_id, amount, payment_status, payment_date) VALUES (207, 207, 65.37, 'successful', '2025-12-10');
INSERT INTO payments (payment_id, booking_id, amount, payment_status, payment_date) VALUES (208, 208, 0.0, 'failed', '2026-01-25');
INSERT INTO payments (payment_id, booking_id, amount, payment_status, payment_date) VALUES (209, 209, 95.02, 'successful', '2025-12-26');
INSERT INTO payments (payment_id, booking_id, amount, payment_status, payment_date) VALUES (210, 210, 43.63, 'successful', '2025-11-14');
INSERT INTO payments (payment_id, booking_id, amount, payment_status, payment_date) VALUES (211, 211, 39.37, 'successful', '2025-11-28');
INSERT INTO payments (payment_id, booking_id, amount, payment_status, payment_date) VALUES (212, 212, 65.17, 'successful', '2025-11-12');
INSERT INTO payments (payment_id, booking_id, amount, payment_status, payment_date) VALUES (213, 213, 0.0, 'failed', '2026-01-13');
INSERT INTO payments (payment_id, booking_id, amount, payment_status, payment_date) VALUES (214, 214, 72.52, 'refunded', '2025-12-18');
INSERT INTO payments (payment_id, booking_id, amount, payment_status, payment_date) VALUES (215, 215, 66.06, 'successful', '2025-10-29');
INSERT INTO payments (payment_id, booking_id, amount, payment_status, payment_date) VALUES (216, 216, 0.0, 'failed', '2025-12-25');
INSERT INTO payments (payment_id, booking_id, amount, payment_status, payment_date) VALUES (217, 217, 37.72, 'successful', '2026-01-29');
INSERT INTO payments (payment_id, booking_id, amount, payment_status, payment_date) VALUES (218, 218, 50.04, 'successful', '2026-01-15');
INSERT INTO payments (payment_id, booking_id, amount, payment_status, payment_date) VALUES (219, 219, 37.28, 'successful', '2025-12-24');
INSERT INTO payments (payment_id, booking_id, amount, payment_status, payment_date) VALUES (220, 220, 28.14, 'refunded', '2026-01-15');
INSERT INTO payments (payment_id, booking_id, amount, payment_status, payment_date) VALUES (221, 221, 56.88, 'successful', '2026-01-16');
INSERT INTO payments (payment_id, booking_id, amount, payment_status, payment_date) VALUES (222, 222, 0.0, 'failed', '2026-01-20');
INSERT INTO payments (payment_id, booking_id, amount, payment_status, payment_date) VALUES (223, 223, 47.55, 'successful', '2026-01-07');
INSERT INTO payments (payment_id, booking_id, amount, payment_status, payment_date) VALUES (224, 224, 0.0, 'failed', '2026-01-13');
INSERT INTO payments (payment_id, booking_id, amount, payment_status, payment_date) VALUES (225, 225, 35.87, 'successful', '2025-11-19');
INSERT INTO payments (payment_id, booking_id, amount, payment_status, payment_date) VALUES (226, 226, 82.09, 'successful', '2025-12-11');
INSERT INTO payments (payment_id, booking_id, amount, payment_status, payment_date) VALUES (227, 227, 58.1, 'successful', '2025-12-09');
INSERT INTO payments (payment_id, booking_id, amount, payment_status, payment_date) VALUES (228, 228, 0.0, 'failed', '2025-11-13');
INSERT INTO payments (payment_id, booking_id, amount, payment_status, payment_date) VALUES (229, 229, 0.0, 'failed', '2026-01-10');
INSERT INTO payments (payment_id, booking_id, amount, payment_status, payment_date) VALUES (230, 230, 134.73, 'successful', '2026-01-31');
INSERT INTO payments (payment_id, booking_id, amount, payment_status, payment_date) VALUES (231, 231, 55.97, 'refunded', '2025-12-03');
INSERT INTO payments (payment_id, booking_id, amount, payment_status, payment_date) VALUES (232, 232, 0.0, 'failed', '2026-01-04');
INSERT INTO payments (payment_id, booking_id, amount, payment_status, payment_date) VALUES (233, 233, 51.22, 'successful', '2025-12-03');
INSERT INTO payments (payment_id, booking_id, amount, payment_status, payment_date) VALUES (234, 234, 0.0, 'failed', '2026-01-08');
INSERT INTO payments (payment_id, booking_id, amount, payment_status, payment_date) VALUES (235, 235, 54.35, 'successful', '2026-01-19');
INSERT INTO payments (payment_id, booking_id, amount, payment_status, payment_date) VALUES (236, 236, 73.28, 'successful', '2025-11-10');
INSERT INTO payments (payment_id, booking_id, amount, payment_status, payment_date) VALUES (237, 237, 56.2, 'successful', '2026-01-06');
INSERT INTO payments (payment_id, booking_id, amount, payment_status, payment_date) VALUES (238, 238, 47.3, 'successful', '2026-01-23');
INSERT INTO payments (payment_id, booking_id, amount, payment_status, payment_date) VALUES (239, 239, 71.53, 'successful', '2025-12-03');
INSERT INTO payments (payment_id, booking_id, amount, payment_status, payment_date) VALUES (240, 240, 53.08, 'refunded', '2025-12-15');
INSERT INTO payments (payment_id, booking_id, amount, payment_status, payment_date) VALUES (241, 241, 109.45, 'successful', '2025-12-06');
INSERT INTO payments (payment_id, booking_id, amount, payment_status, payment_date) VALUES (242, 242, 39.66, 'successful', '2026-01-06');
INSERT INTO payments (payment_id, booking_id, amount, payment_status, payment_date) VALUES (243, 243, 0.0, 'failed', '2025-12-11');
INSERT INTO payments (payment_id, booking_id, amount, payment_status, payment_date) VALUES (244, 244, 69.32, 'successful', '2025-12-05');
INSERT INTO payments (payment_id, booking_id, amount, payment_status, payment_date) VALUES (245, 245, 98.22, 'successful', '2025-12-18');
INSERT INTO payments (payment_id, booking_id, amount, payment_status, payment_date) VALUES (246, 246, 0.0, 'failed', '2026-01-11');
INSERT INTO payments (payment_id, booking_id, amount, payment_status, payment_date) VALUES (247, 247, 21.56, 'refunded', '2025-12-06');
INSERT INTO payments (payment_id, booking_id, amount, payment_status, payment_date) VALUES (248, 248, 35.27, 'successful', '2026-01-01');
INSERT INTO payments (payment_id, booking_id, amount, payment_status, payment_date) VALUES (249, 249, 0.0, 'failed', '2025-11-19');
INSERT INTO payments (payment_id, booking_id, amount, payment_status, payment_date) VALUES (250, 250, 46.83, 'successful', '2025-11-20');
INSERT INTO payments (payment_id, booking_id, amount, payment_status, payment_date) VALUES (251, 251, 0.0, 'failed', '2025-12-10');
INSERT INTO payments (payment_id, booking_id, amount, payment_status, payment_date) VALUES (252, 252, 58.5, 'successful', '2025-12-29');
INSERT INTO payments (payment_id, booking_id, amount, payment_status, payment_date) VALUES (253, 253, 54.98, 'successful', '2025-12-04');
INSERT INTO payments (payment_id, booking_id, amount, payment_status, payment_date) VALUES (254, 254, 78.85, 'successful', '2026-01-07');
INSERT INTO payments (payment_id, booking_id, amount, payment_status, payment_date) VALUES (255, 255, 41.26, 'successful', '2026-01-12');
INSERT INTO payments (payment_id, booking_id, amount, payment_status, payment_date) VALUES (256, 256, 71.76, 'successful', '2026-02-01');
INSERT INTO payments (payment_id, booking_id, amount, payment_status, payment_date) VALUES (257, 257, 118.76, 'successful', '2025-11-13');
INSERT INTO payments (payment_id, booking_id, amount, payment_status, payment_date) VALUES (258, 258, 0.0, 'failed', '2025-12-28');
INSERT INTO payments (payment_id, booking_id, amount, payment_status, payment_date) VALUES (259, 259, 54.06, 'successful', '2025-12-27');
INSERT INTO payments (payment_id, booking_id, amount, payment_status, payment_date) VALUES (260, 260, 0.0, 'failed', '2025-12-04');
INSERT INTO payments (payment_id, booking_id, amount, payment_status, payment_date) VALUES (261, 261, 108.94, 'successful', '2025-12-06');
INSERT INTO payments (payment_id, booking_id, amount, payment_status, payment_date) VALUES (262, 262, 66.67, 'successful', '2025-12-27');
INSERT INTO payments (payment_id, booking_id, amount, payment_status, payment_date) VALUES (263, 263, 63.16, 'successful', '2026-01-22');
INSERT INTO payments (payment_id, booking_id, amount, payment_status, payment_date) VALUES (264, 264, 79.07, 'successful', '2025-11-05');
INSERT INTO payments (payment_id, booking_id, amount, payment_status, payment_date) VALUES (265, 265, 38.97, 'successful', '2025-12-09');
INSERT INTO payments (payment_id, booking_id, amount, payment_status, payment_date) VALUES (266, 266, 67.02, 'successful', '2025-11-25');
INSERT INTO payments (payment_id, booking_id, amount, payment_status, payment_date) VALUES (267, 267, 47.19, 'successful', '2025-11-29');
INSERT INTO payments (payment_id, booking_id, amount, payment_status, payment_date) VALUES (268, 268, 0.0, 'failed', '2025-12-11');
INSERT INTO payments (payment_id, booking_id, amount, payment_status, payment_date) VALUES (269, 269, 0.0, 'failed', '2026-01-25');
INSERT INTO payments (payment_id, booking_id, amount, payment_status, payment_date) VALUES (270, 270, 40.65, 'successful', '2025-12-25');
INSERT INTO payments (payment_id, booking_id, amount, payment_status, payment_date) VALUES (271, 271, 100.82, 'successful', '2026-01-02');
INSERT INTO payments (payment_id, booking_id, amount, payment_status, payment_date) VALUES (272, 272, 0.0, 'failed', '2026-01-07');
INSERT INTO payments (payment_id, booking_id, amount, payment_status, payment_date) VALUES (273, 273, 0.0, 'failed', '2025-12-07');
INSERT INTO payments (payment_id, booking_id, amount, payment_status, payment_date) VALUES (274, 274, 0.0, 'failed', '2025-12-12');
INSERT INTO payments (payment_id, booking_id, amount, payment_status, payment_date) VALUES (275, 275, 85.74, 'successful', '2025-12-17');
INSERT INTO payments (payment_id, booking_id, amount, payment_status, payment_date) VALUES (276, 276, 64.83, 'successful', '2025-12-15');
INSERT INTO payments (payment_id, booking_id, amount, payment_status, payment_date) VALUES (277, 277, 0.0, 'failed', '2026-01-13');
INSERT INTO payments (payment_id, booking_id, amount, payment_status, payment_date) VALUES (278, 278, 109.41, 'successful', '2025-11-22');
INSERT INTO payments (payment_id, booking_id, amount, payment_status, payment_date) VALUES (279, 279, 0.0, 'failed', '2025-12-25');
INSERT INTO payments (payment_id, booking_id, amount, payment_status, payment_date) VALUES (280, 280, 0.0, 'failed', '2025-12-13');
INSERT INTO payments (payment_id, booking_id, amount, payment_status, payment_date) VALUES (281, 281, 71.49, 'successful', '2026-01-24');
INSERT INTO payments (payment_id, booking_id, amount, payment_status, payment_date) VALUES (282, 282, 70.54, 'successful', '2026-01-23');
INSERT INTO payments (payment_id, booking_id, amount, payment_status, payment_date) VALUES (283, 283, 73.82, 'successful', '2026-01-22');
INSERT INTO payments (payment_id, booking_id, amount, payment_status, payment_date) VALUES (284, 284, 57.12, 'successful', '2026-01-17');
INSERT INTO payments (payment_id, booking_id, amount, payment_status, payment_date) VALUES (285, 285, 70.52, 'successful', '2025-11-21');
INSERT INTO payments (payment_id, booking_id, amount, payment_status, payment_date) VALUES (286, 286, 60.11, 'successful', '2026-01-04');
INSERT INTO payments (payment_id, booking_id, amount, payment_status, payment_date) VALUES (287, 287, 137.33, 'successful', '2025-11-10');
INSERT INTO payments (payment_id, booking_id, amount, payment_status, payment_date) VALUES (288, 288, 97.74, 'successful', '2025-12-04');
INSERT INTO payments (payment_id, booking_id, amount, payment_status, payment_date) VALUES (289, 289, 120.88, 'successful', '2025-12-16');
INSERT INTO payments (payment_id, booking_id, amount, payment_status, payment_date) VALUES (290, 290, 0.0, 'failed', '2026-01-12');
INSERT INTO payments (payment_id, booking_id, amount, payment_status, payment_date) VALUES (291, 291, 91.68, 'successful', '2026-01-02');
INSERT INTO payments (payment_id, booking_id, amount, payment_status, payment_date) VALUES (292, 292, 48.9, 'successful', '2025-12-29');
INSERT INTO payments (payment_id, booking_id, amount, payment_status, payment_date) VALUES (293, 293, 69.2, 'successful', '2025-11-29');
INSERT INTO payments (payment_id, booking_id, amount, payment_status, payment_date) VALUES (294, 294, 0.0, 'failed', '2025-11-13');
INSERT INTO payments (payment_id, booking_id, amount, payment_status, payment_date) VALUES (295, 295, 64.79, 'successful', '2026-01-27');
INSERT INTO payments (payment_id, booking_id, amount, payment_status, payment_date) VALUES (296, 296, 26.17, 'refunded', '2026-01-08');
INSERT INTO payments (payment_id, booking_id, amount, payment_status, payment_date) VALUES (297, 297, 74.67, 'successful', '2025-11-19');
INSERT INTO payments (payment_id, booking_id, amount, payment_status, payment_date) VALUES (298, 298, 88.33, 'successful', '2026-01-10');
INSERT INTO payments (payment_id, booking_id, amount, payment_status, payment_date) VALUES (299, 299, 57.87, 'successful', '2025-11-29');
INSERT INTO payments (payment_id, booking_id, amount, payment_status, payment_date) VALUES (300, 300, 0.0, 'failed', '2025-11-26');
INSERT INTO payments (payment_id, booking_id, amount, payment_status, payment_date) VALUES (301, 301, 84.47, 'successful', '2026-01-21');
INSERT INTO payments (payment_id, booking_id, amount, payment_status, payment_date) VALUES (302, 302, 0.0, 'failed', '2025-11-18');
INSERT INTO payments (payment_id, booking_id, amount, payment_status, payment_date) VALUES (303, 303, 0.0, 'failed', '2025-11-17');
INSERT INTO payments (payment_id, booking_id, amount, payment_status, payment_date) VALUES (304, 304, 47.83, 'successful', '2025-11-11');
INSERT INTO payments (payment_id, booking_id, amount, payment_status, payment_date) VALUES (305, 305, 43.1, 'successful', '2025-11-07');
INSERT INTO payments (payment_id, booking_id, amount, payment_status, payment_date) VALUES (306, 306, 93.65, 'successful', '2025-11-18');
INSERT INTO payments (payment_id, booking_id, amount, payment_status, payment_date) VALUES (307, 307, 0.0, 'failed', '2025-12-18');
INSERT INTO payments (payment_id, booking_id, amount, payment_status, payment_date) VALUES (308, 308, 18.27, 'refunded', '2025-12-26');
INSERT INTO payments (payment_id, booking_id, amount, payment_status, payment_date) VALUES (309, 309, 0.0, 'failed', '2026-01-20');
INSERT INTO payments (payment_id, booking_id, amount, payment_status, payment_date) VALUES (310, 310, 50.35, 'refunded', '2026-01-16');
INSERT INTO payments (payment_id, booking_id, amount, payment_status, payment_date) VALUES (311, 311, 46.52, 'successful', '2025-11-16');
INSERT INTO payments (payment_id, booking_id, amount, payment_status, payment_date) VALUES (312, 312, 58.28, 'successful', '2025-12-21');
INSERT INTO payments (payment_id, booking_id, amount, payment_status, payment_date) VALUES (313, 313, 37.15, 'successful', '2025-12-11');
INSERT INTO payments (payment_id, booking_id, amount, payment_status, payment_date) VALUES (314, 314, 0.0, 'failed', '2026-02-03');
INSERT INTO payments (payment_id, booking_id, amount, payment_status, payment_date) VALUES (315, 315, 31.15, 'successful', '2026-01-05');
INSERT INTO payments (payment_id, booking_id, amount, payment_status, payment_date) VALUES (316, 316, 63.3, 'successful', '2025-12-21');
INSERT INTO payments (payment_id, booking_id, amount, payment_status, payment_date) VALUES (317, 317, 67.91, 'successful', '2025-11-24');
INSERT INTO payments (payment_id, booking_id, amount, payment_status, payment_date) VALUES (318, 318, 38.05, 'successful', '2026-01-12');
INSERT INTO payments (payment_id, booking_id, amount, payment_status, payment_date) VALUES (319, 319, 31.42, 'successful', '2026-01-16');
INSERT INTO payments (payment_id, booking_id, amount, payment_status, payment_date) VALUES (320, 320, 0.0, 'failed', '2025-12-07');
INSERT INTO payments (payment_id, booking_id, amount, payment_status, payment_date) VALUES (321, 321, 45.85, 'successful', '2025-12-23');
INSERT INTO payments (payment_id, booking_id, amount, payment_status, payment_date) VALUES (322, 322, 0.0, 'failed', '2025-12-10');
INSERT INTO payments (payment_id, booking_id, amount, payment_status, payment_date) VALUES (323, 323, 53.7, 'successful', '2025-11-28');
INSERT INTO payments (payment_id, booking_id, amount, payment_status, payment_date) VALUES (324, 324, 0.0, 'failed', '2025-11-23');
INSERT INTO payments (payment_id, booking_id, amount, payment_status, payment_date) VALUES (325, 325, 0.0, 'failed', '2025-12-28');
INSERT INTO payments (payment_id, booking_id, amount, payment_status, payment_date) VALUES (326, 326, 0.0, 'failed', '2026-01-08');
INSERT INTO payments (payment_id, booking_id, amount, payment_status, payment_date) VALUES (327, 327, 75.33, 'successful', '2025-11-08');
INSERT INTO payments (payment_id, booking_id, amount, payment_status, payment_date) VALUES (328, 328, 0.0, 'failed', '2026-01-22');
INSERT INTO payments (payment_id, booking_id, amount, payment_status, payment_date) VALUES (329, 329, 38.71, 'successful', '2026-01-13');
INSERT INTO payments (payment_id, booking_id, amount, payment_status, payment_date) VALUES (330, 330, 94.21, 'successful', '2026-01-24');
INSERT INTO payments (payment_id, booking_id, amount, payment_status, payment_date) VALUES (331, 331, 0.0, 'failed', '2026-01-14');
INSERT INTO payments (payment_id, booking_id, amount, payment_status, payment_date) VALUES (332, 332, 0.0, 'failed', '2026-01-29');
INSERT INTO payments (payment_id, booking_id, amount, payment_status, payment_date) VALUES (333, 333, 0.0, 'failed', '2025-11-06');
INSERT INTO payments (payment_id, booking_id, amount, payment_status, payment_date) VALUES (334, 334, 0.0, 'failed', '2026-01-18');
INSERT INTO payments (payment_id, booking_id, amount, payment_status, payment_date) VALUES (335, 335, 32.17, 'refunded', '2025-12-08');
INSERT INTO payments (payment_id, booking_id, amount, payment_status, payment_date) VALUES (336, 336, 149.82, 'successful', '2025-11-22');
INSERT INTO payments (payment_id, booking_id, amount, payment_status, payment_date) VALUES (337, 337, 93.69, 'successful', '2025-11-20');
INSERT INTO payments (payment_id, booking_id, amount, payment_status, payment_date) VALUES (338, 338, 43.7, 'refunded', '2026-01-16');
INSERT INTO payments (payment_id, booking_id, amount, payment_status, payment_date) VALUES (339, 339, 0.0, 'failed', '2026-01-05');
INSERT INTO payments (payment_id, booking_id, amount, payment_status, payment_date) VALUES (340, 340, 52.23, 'successful', '2025-12-24');
INSERT INTO payments (payment_id, booking_id, amount, payment_status, payment_date) VALUES (341, 341, 97.19, 'successful', '2025-12-16');
INSERT INTO payments (payment_id, booking_id, amount, payment_status, payment_date) VALUES (342, 342, 52.57, 'successful', '2025-11-04');
INSERT INTO payments (payment_id, booking_id, amount, payment_status, payment_date) VALUES (343, 343, 47.47, 'successful', '2025-12-20');
INSERT INTO payments (payment_id, booking_id, amount, payment_status, payment_date) VALUES (344, 344, 101.77, 'successful', '2025-11-27');
INSERT INTO payments (payment_id, booking_id, amount, payment_status, payment_date) VALUES (345, 345, 79.84, 'successful', '2026-01-28');
INSERT INTO payments (payment_id, booking_id, amount, payment_status, payment_date) VALUES (346, 346, 40.52, 'successful', '2026-01-31');
INSERT INTO payments (payment_id, booking_id, amount, payment_status, payment_date) VALUES (347, 347, 99.85, 'successful', '2025-11-19');
INSERT INTO payments (payment_id, booking_id, amount, payment_status, payment_date) VALUES (348, 348, 66.93, 'successful', '2025-12-19');
INSERT INTO payments (payment_id, booking_id, amount, payment_status, payment_date) VALUES (349, 349, 74.15, 'successful', '2025-11-18');
INSERT INTO payments (payment_id, booking_id, amount, payment_status, payment_date) VALUES (350, 350, 0.0, 'failed', '2026-01-15');
INSERT INTO payments (payment_id, booking_id, amount, payment_status, payment_date) VALUES (351, 351, 52.63, 'successful', '2025-12-20');
INSERT INTO payments (payment_id, booking_id, amount, payment_status, payment_date) VALUES (352, 352, 39.08, 'successful', '2025-12-30');
INSERT INTO payments (payment_id, booking_id, amount, payment_status, payment_date) VALUES (353, 353, 102.57, 'successful', '2025-12-28');
INSERT INTO payments (payment_id, booking_id, amount, payment_status, payment_date) VALUES (354, 354, 70.33, 'successful', '2025-12-27');
INSERT INTO payments (payment_id, booking_id, amount, payment_status, payment_date) VALUES (355, 355, 20.39, 'refunded', '2026-01-06');
INSERT INTO payments (payment_id, booking_id, amount, payment_status, payment_date) VALUES (356, 356, 55.01, 'successful', '2025-11-29');
INSERT INTO payments (payment_id, booking_id, amount, payment_status, payment_date) VALUES (357, 357, 0.0, 'failed', '2026-01-12');
INSERT INTO payments (payment_id, booking_id, amount, payment_status, payment_date) VALUES (358, 358, 0.0, 'failed', '2026-01-29');
INSERT INTO payments (payment_id, booking_id, amount, payment_status, payment_date) VALUES (359, 359, 43.74, 'successful', '2025-12-16');
INSERT INTO payments (payment_id, booking_id, amount, payment_status, payment_date) VALUES (360, 360, 103.35, 'successful', '2026-01-01');
INSERT INTO payments (payment_id, booking_id, amount, payment_status, payment_date) VALUES (361, 361, 0.0, 'failed', '2026-01-24');
INSERT INTO payments (payment_id, booking_id, amount, payment_status, payment_date) VALUES (362, 362, 81.34, 'successful', '2026-01-14');
INSERT INTO payments (payment_id, booking_id, amount, payment_status, payment_date) VALUES (363, 363, 21.82, 'refunded', '2026-02-01');
INSERT INTO payments (payment_id, booking_id, amount, payment_status, payment_date) VALUES (364, 364, 69.51, 'successful', '2025-12-21');
INSERT INTO payments (payment_id, booking_id, amount, payment_status, payment_date) VALUES (365, 365, 138.9, 'successful', '2025-12-16');
INSERT INTO payments (payment_id, booking_id, amount, payment_status, payment_date) VALUES (366, 366, 79.26, 'successful', '2026-01-26');
INSERT INTO payments (payment_id, booking_id, amount, payment_status, payment_date) VALUES (367, 367, 95.09, 'successful', '2026-01-24');
INSERT INTO payments (payment_id, booking_id, amount, payment_status, payment_date) VALUES (368, 368, 56.22, 'successful', '2025-12-28');
INSERT INTO payments (payment_id, booking_id, amount, payment_status, payment_date) VALUES (369, 369, 39.45, 'refunded', '2025-12-10');
INSERT INTO payments (payment_id, booking_id, amount, payment_status, payment_date) VALUES (370, 370, 37.43, 'successful', '2026-01-26');
INSERT INTO payments (payment_id, booking_id, amount, payment_status, payment_date) VALUES (371, 371, 58.64, 'successful', '2025-11-12');
INSERT INTO payments (payment_id, booking_id, amount, payment_status, payment_date) VALUES (372, 372, 0.0, 'failed', '2026-01-19');
INSERT INTO payments (payment_id, booking_id, amount, payment_status, payment_date) VALUES (373, 373, 0.0, 'failed', '2026-01-22');
INSERT INTO payments (payment_id, booking_id, amount, payment_status, payment_date) VALUES (374, 374, 60.67, 'successful', '2025-12-16');
INSERT INTO payments (payment_id, booking_id, amount, payment_status, payment_date) VALUES (375, 375, 80.44, 'successful', '2025-12-13');
INSERT INTO payments (payment_id, booking_id, amount, payment_status, payment_date) VALUES (376, 376, 37.27, 'successful', '2025-11-28');
INSERT INTO payments (payment_id, booking_id, amount, payment_status, payment_date) VALUES (377, 377, 0.0, 'failed', '2026-01-06');
INSERT INTO payments (payment_id, booking_id, amount, payment_status, payment_date) VALUES (378, 378, 110.6, 'successful', '2025-11-30');
INSERT INTO payments (payment_id, booking_id, amount, payment_status, payment_date) VALUES (379, 379, 44.09, 'successful', '2026-01-24');
INSERT INTO payments (payment_id, booking_id, amount, payment_status, payment_date) VALUES (380, 380, 35.15, 'successful', '2026-01-05');
INSERT INTO payments (payment_id, booking_id, amount, payment_status, payment_date) VALUES (381, 381, 87.77, 'successful', '2025-12-02');
INSERT INTO payments (payment_id, booking_id, amount, payment_status, payment_date) VALUES (382, 382, 118.01, 'successful', '2026-01-14');
INSERT INTO payments (payment_id, booking_id, amount, payment_status, payment_date) VALUES (383, 383, 68.97, 'successful', '2026-01-13');
INSERT INTO payments (payment_id, booking_id, amount, payment_status, payment_date) VALUES (384, 384, 37.21, 'successful', '2025-12-16');
INSERT INTO payments (payment_id, booking_id, amount, payment_status, payment_date) VALUES (385, 385, 101.93, 'successful', '2025-12-15');
INSERT INTO payments (payment_id, booking_id, amount, payment_status, payment_date) VALUES (386, 386, 0.0, 'failed', '2025-12-31');
INSERT INTO payments (payment_id, booking_id, amount, payment_status, payment_date) VALUES (387, 387, 63.5, 'successful', '2025-12-03');
INSERT INTO payments (payment_id, booking_id, amount, payment_status, payment_date) VALUES (388, 388, 61.49, 'successful', '2025-12-05');
INSERT INTO payments (payment_id, booking_id, amount, payment_status, payment_date) VALUES (389, 389, 79.1, 'successful', '2025-12-18');
INSERT INTO payments (payment_id, booking_id, amount, payment_status, payment_date) VALUES (390, 390, 0.0, 'failed', '2025-11-13');
INSERT INTO payments (payment_id, booking_id, amount, payment_status, payment_date) VALUES (391, 391, 76.77, 'successful', '2026-01-15');
INSERT INTO payments (payment_id, booking_id, amount, payment_status, payment_date) VALUES (392, 392, 63.83, 'successful', '2025-12-03');
INSERT INTO payments (payment_id, booking_id, amount, payment_status, payment_date) VALUES (393, 393, 105.73, 'successful', '2025-11-22');
INSERT INTO payments (payment_id, booking_id, amount, payment_status, payment_date) VALUES (394, 394, 35.85, 'successful', '2025-11-26');
INSERT INTO payments (payment_id, booking_id, amount, payment_status, payment_date) VALUES (395, 395, 53.47, 'successful', '2025-12-11');
INSERT INTO payments (payment_id, booking_id, amount, payment_status, payment_date) VALUES (396, 396, 66.76, 'successful', '2025-12-05');
INSERT INTO payments (payment_id, booking_id, amount, payment_status, payment_date) VALUES (397, 397, 0.0, 'failed', '2026-01-25');
INSERT INTO payments (payment_id, booking_id, amount, payment_status, payment_date) VALUES (398, 398, 0.0, 'failed', '2025-12-28');
INSERT INTO payments (payment_id, booking_id, amount, payment_status, payment_date) VALUES (399, 399, 98.42, 'successful', '2025-11-06');
INSERT INTO payments (payment_id, booking_id, amount, payment_status, payment_date) VALUES (400, 400, 0.0, 'failed', '2025-11-14');
